Active_gNBs = ( "oai-gnb-00");
# Asn1_verbosity, choice in: none, info, annoying
Asn1_verbosity = "none";
gNBs =
(
 {
    ////////// Identification parameters:
    gNB_ID    =  0xe00;
    gNB_name  =  "oai-gnb-00";
    // Tracking area code, 0x0000 and 0xfffe are reserved values
    tracking_area_code  = 1 ;
    plmn_list = ({ mcc = 001; mnc = 01; mnc_length = 2; snssaiList = ({ sst = 1}) });

    nr_cellid = 1;

    ////////// Physical parameters:
    pdsch_AntennaPorts_XP = 2;
    pdsch_AntennaPorts_N1 = 2;
    maxMIMO_layers        = 4;
    pusch_AntennaPorts    = 4;
    do_CSIRS              = 1;
    do_SRS                = "none";
    sib1_tda                            = 15;

    servingCellConfigCommon = (
    {
 #spCellConfigCommon
      physCellId                                                    = 0;
     # n_TimingAdvanceOffset                                         = 0;
#  downlinkConfigCommon
    #frequencyInfoDL
      # center frequency = 3350.01 MHz
      # selected SSB frequency = 3349.92 MHz
      absoluteFrequencySSB                                          = 649920;
      dl_frequencyBand                                              = 78;
      # frequency point A = 3700.86 MHz
      dl_absoluteFrequencyPointA                                    = 646724;
      #scs-SpecificCarrierList
        dl_offstToCarrier                                           = 0;
# subcarrierSpacing
# 0=kHz15, 1=kHz30, 2=kHz60, 3=kHz120
        dl_subcarrierSpacing                                        = 1;
        dl_carrierBandwidth                                         = 273;
     #initialDownlinkBWP
      #genericParameters
       initialDLBWPlocationAndBandwidth                             = 1099; #38.101-1 Table 5.3.2-1
       #
# subcarrierSpacing
# 0=kHz15, 1=kHz30, 2=kHz60, 3=kHz120
        initialDLBWPsubcarrierSpacing                               = 1;
      #pdcch-ConfigCommon
        initialDLBWPcontrolResourceSetZero                          = 10;
        initialDLBWPsearchSpaceZero                                 = 0;
  #uplinkConfigCommon
     #frequencyInfoUL
      ul_frequencyBand                                              = 78;
      #scs-SpecificCarrierList
      ul_offstToCarrier                                             = 0;
# subcarrierSpacing
# 0=kHz15, 1=kHz30, 2=kHz60, 3=kHz120
      ul_subcarrierSpacing                                          = 1;
      ul_carrierBandwidth                                           = 273;
      pMax                                                          = 23;
     #initialUplinkBWP
      #genericParameters
        initialULBWPlocationAndBandwidth                            = 1099;
# subcarrierSpacing
# 0=kHz15, 1=kHz30, 2=kHz60, 3=kHz120
        initialULBWPsubcarrierSpacing                               = 1;
      #rach-ConfigCommon
        #rach-ConfigGeneric
          prach_ConfigurationIndex                                  = 159;
#prach_msg1_FDM
#0 = one, 1=two, 2=four, 3=eight
          prach_msg1_FDM                                            = 0;
          prach_msg1_FrequencyStart                                 = 22;
          zeroCorrelationZoneConfig                                 = 15;
          preambleReceivedTargetPower                               = -104;
#preamblTransMax (0...10) = (3,4,5,6,7,8,10,20,50,100,200)
          preambleTransMax                                          = 7;
#powerRampingStep
# 0=dB0,1=dB2,2=dB4,3=dB6
        powerRampingStep                                            = 2;
#ra_ReponseWindow
#1,2,4,8,10,20,40,80
        ra_ResponseWindow                                           = 5;
#ssb_perRACH_OccasionAndCB_PreamblesPerSSB_PR
#1=oneeighth,2=onefourth,3=half,4=one,5=two,6=four,7=eight,8=sixteen
        ssb_perRACH_OccasionAndCB_PreamblesPerSSB_PR                = 4;
#one (0..15) 4,8,12,16,...60,64
        ssb_perRACH_OccasionAndCB_PreamblesPerSSB                   = 15;
#ra_ContentionResolutionTimer
#(0..7) 8,16,24,32,40,48,56,64
        ra_ContentionResolutionTimer                                = 7;
        rsrp_ThresholdSSB                                           = 19;
#prach-RootSequenceIndex_PR
#1 = 839, 2 = 139
        prach_RootSequenceIndex_PR                                  = 2;
        prach_RootSequenceIndex                                     = 1;
        # SCS for msg1, can only be 15 for 30 kHz < 6 GHz, takes precendence over the one derived from prach-ConfigIndex
        #
        msg1_SubcarrierSpacing                                      = 1,
# restrictedSetConfig
# 0=unrestricted, 1=restricted type A, 2=restricted type B
        restrictedSetConfig                                         = 0,
        msg3_DeltaPreamble                                          = 2;
        p0_NominalWithGrant                                         = -96;
# pucch-ConfigCommon setup :
# pucchGroupHopping
# 0 = neither, 1= group hopping, 2=sequence hopping
        pucchGroupHopping                                           = 0;
        hoppingId                                                   = 0;
        p0_nominal                                                  = -96;
      ssb_PositionsInBurst_Bitmap                                   = 0x1;
# ssb_periodicityServingCell
# 0 = ms5, 1=ms10, 2=ms20, 3=ms40, 4=ms80, 5=ms160, 6=spare2, 7=spare1
      ssb_periodicityServingCell                                    = 2;
# dmrs_TypeA_position
# 0 = pos2, 1 = pos3
      dmrs_TypeA_Position                                           = 0;
# subcarrierSpacing
# 0=kHz15, 1=kHz30, 2=kHz60, 3=kHz120
      subcarrierSpacing                                             = 1;
  #tdd-UL-DL-ConfigurationCommon
# subcarrierSpacing
# 0=kHz15, 1=kHz30, 2=kHz60, 3=kHz120
      referenceSubcarrierSpacing                                    = 1;
      # pattern1
      # dl_UL_TransmissionPeriodicity
      # 0=ms0p5, 1=ms0p625, 2=ms1, 3=ms1p25, 4=ms2, 5=ms2p5, 6=ms5, 7=ms10
      dl_UL_TransmissionPeriodicity                                 = 5;
      nrofDownlinkSlots                                             = 3;
      nrofDownlinkSymbols                                           = 6;
      nrofUplinkSlots                                               = 1;
      nrofUplinkSymbols                                             = 4;
      ssPBCH_BlockPower                                             = 0;
  }
  );
    # ------- SCTP definitions
    SCTP :
    {
        # Number of streams to use in input/output
        SCTP_INSTREAMS  = 2;
        SCTP_OUTSTREAMS = 2;
    };

        ////////// AMF parameters:
    amf_ip_address = (
      {
        ipv4 = "192.168.8.26";
        active = "yes";
        preference = "ipv4";
      }
    );

    NETWORK_INTERFACES :
    {
        GNB_IPV4_ADDRESS_FOR_NG_AMF              = "192.168.8.199";
        GNB_IPV4_ADDRESS_FOR_NGU                 = "192.168.8.199";
        GNB_PORT_FOR_S1U                         = 2152; # Spec 2152
    };
  }
);

MACRLCs = (
  {
  num_cc = 1;
  remote_s_address = "10.21.8.100"; // pnf addr [!]
  local_s_address  = "10.21.8.99"; // vnf addr
  local_s_portc    = 50005; // vnf p5 port
  remote_s_portc   = 50000; // pnf p5 port [!]
  local_s_portd    = 50011; // vnf p7 port [  !]
  remote_s_portd   = 50010; // pnf p7 port [!]
  tr_s_preference = "nfapi";
  tr_n_preference = "local_RRC";
  pusch_TargetSNRx10          = 200;
  pucch_TargetSNRx10          = 200;
  dl_bler_target_upper        = .35;
  dl_bler_target_lower        = .15;
  ul_bler_target_upper        = .35;
  ul_bler_target_lower        = .15;
  pusch_FailureThres          = 1000;
  dl_min_mcs                  = 24;
  }
)


L1s = (
{
  num_cc = 1;
  tr_n_preference = "local_mac";
  prach_dtx_threshold = 130;
  pucch0_dtx_threshold = 80;
  pusch_dtx_threshold = 10;
  max_ldpc_iterations = 15;
  tx_amp_backoff_dB = 12; # needs to match O-RU configuration
  L1_rx_thread_core = 0;
  L1_tx_thread_core = 1; # relevant after merge of l1_tx_thread
  phase_compensation = 0; # needs to match O-RU configuration
}
);

RUs = (
{
  local_rf       = "no";
  nb_tx          = 4;
  nb_rx          = 4;
  att_tx         = 0;
  att_rx         = 0;
  bands          = [78];
  max_pdschReferenceSignalPower = -27;
  max_rxgain                    = 75;
  sf_extension                  = 0;
  eNB_instances  = [0];
  ru_thread_core = 13;
  sl_ahead       = 6;
  tr_preference  = "raw_if4p5"; # important: activate FHI7.2
  do_precoding   = 0; # needs to match O-RU configuration
}
);

security = {
  # preferred ciphering algorithms
  # the first one of the list that an UE supports in chosen
  # valid values: nea0, nea1, nea2, nea3
  ciphering_algorithms = ( "nea0" );

  # preferred integrity algorithms
  # the first one of the list that an UE supports in chosen
  # valid values: nia0, nia1, nia2, nia3
  integrity_algorithms = ( "nia2", "nia0" );

  # setting 'drb_ciphering' to "no" disables ciphering for DRBs, no matter
  # what 'ciphering_algorithms' configures; same thing for 'drb_integrity'
  drb_ciphering = "yes";
  drb_integrity = "no";
};

log_config :
{
  global_log_level                      ="info";
  hw_log_level                          ="info";
  phy_log_level                         ="info";
  mac_log_level                         ="info";
  rlc_log_level                         ="info";
  pdcp_log_level                        ="info";
  rrc_log_level                         ="info";
  ngap_log_level                        ="debug";
  f1ap_log_level                        ="debug";
}
CMDLINE: "/opt/oai-gnb/bin/nr-softmodem" "-O" "/tmp/du.conf" "--nfapi" "VNF" "--log_config.global_log_options" "level,nocolor,time" 
698.744258 [UTIL]   I running in SA mode (no --phy-test, --do-ra, --nsa option present)
699.744578 [OPT]    I OPT disabled
699.744593 [HW]     I Version: Branch: HEAD Abrev. Hash: 2e851477 Date: Mon Jun 29 15:54:27 2026 +0800
699.744614 [GNB_APP] I Initialized RAN Context: RC.nb_nr_inst = 1, RC.nb_nr_macrlc_inst = 1, RC.nb_nr_L1_inst = 1, RC.nb_RU = 1, RC.nb_nr_CC[0] = 1
699.744623 [NR_PHY] I Initializing gNB RAN context: RC.nb_nr_L1_inst = 1 
699.745149 [NR_PHY] I Registered with MAC interface module (0x5556f2be4790)
699.745164 [NR_PHY] I Initializing NR L1: RC.nb_nr_L1_inst = 1
699.745271 [NR_PHY] I thread cores for L1_RX 0 L1_TX 1
699.745283 [NR_PHY] I TX_AMP = 8230 (-12 dBFS)
699.745293 [PHY]    I No prs_config configuration found..!!
699.745529 [GNB_APP] I pdsch_AntennaPorts N1 2 N2 1 XP 2 pusch_AntennaPorts 4
699.745575 [GNB_APP] I minTXRXTIME 2
699.745586 [GNB_APP] I CSI-RS 1, SRS none, report type 0 (ssb_rsrp), 256 QAM may be on, delta_MCS off, maxMIMO_Layers 4, HARQ feedback enabled, num DLHARQ:16, num ULHARQ:16
699.745598 [GNB_APP] I No RedCap configuration found
699.745610 [GNB_APP] I No PTRS configuration found
699.745626 [GNB_APP] I sr_ProhibitTimer 0, sr_TransMax 64, sr_ProhibitTimer_v1700 0, t300 400, t301 400, t310 2000, n310 10, t311 3000, n311 1, t319 400
699.745638 [NR_MAC] I Candidates per PDCCH aggregation level on UESS: L1: 0, L2: 2, L4: 0, L8: 0, L16: 0
699.745925 [RRC]    I Read in ServingCellConfigCommon (PhysCellId 0, ABSFREQSSB 649920, DLBand 78, ABSFREQPOINTA 646724, DLBW 273,RACH_TargetReceivedPower -104
699.745938 [NR_MAC] I Computing frequency (nrarfcn 649920 => 3748800 KHz, NR band 78
699.745946 [RRC]    I absoluteFrequencySSB 649920 corresponds to 3748800000 Hz
699.745954 [NR_MAC] I Computing frequency (nrarfcn 646724 => 3700860 KHz, NR band 78
699.745994 [NR_MAC] I PUSCH Target 200 RSSI thresh 0 Failure 1000, PUCCH Target 200 RSSI thresh 0 Failure 10
699.746077 [UTIL]   I threadCreate() for MAC_STATS: creating thread with affinity ffffffff, priority 2
699.751144 [NR_PHY] I Copying 0 blacklisted PRB to L1 context
699.751706 [NR_MAC] I Computing frequency (nrarfcn 646724 => 3700860 KHz, NR band 78
699.751721 [NR_MAC] I Computing frequency (nrarfcn 646724 => 3700860 KHz, NR band 78
699.751732 [NR_MAC] I Set TX antenna number to 4, Set RX antenna number to 4 (num ssb 1: 80000000,0)
699.751751 [NR_MAC] I TDD period index = 5, based on the sum of dl_UL_TransmissionPeriodicity from Pattern1 (2.500000 ms) and Pattern2 (0.000000 ms): Total = 2.500000 ms
699.751761 [NR_MAC] I Set TDD configuration period to: 4 DL slots, 2 UL slots, 5 slots per period (NR_TDD_UL_DL_Pattern is 3 DL slots, 1 UL slots, 6 DL symbols, 4 UL symbols)
699.751770 [NR_MAC] I Configured 1 TDD patterns (total slots: pattern1 = 5, pattern2 = 0)
699.751778 [NR_PHY] I Set TDD Period Configuration: 4 periods per frame, 20 slots to be configured (4 DL, 2 UL)
699.751788 [NR_PHY] I TDD period configuration: slot 0 is DOWNLINK
699.751798 [NR_PHY] I TDD period configuration: slot 1 is DOWNLINK
699.751805 [NR_PHY] I TDD period configuration: slot 2 is DOWNLINK
699.751812 [NR_PHY] I TDD period configuration: slot 3 is FLEXIBLE: DDDDDDFFFFUUUU
699.751822 [NR_PHY] I TDD period configuration: slot 4 is UPLINK
699.751857 [NR_MAC] I Command line parameters for OAI UE: -C 3750000000 -r 273 --numerology 1 --band 78 --ssb 1478 
699.751875 [NR_MAC] I TDD period index = 5, based on the sum of dl_UL_TransmissionPeriodicity from Pattern1 (2.500000 ms) and Pattern2 (0.000000 ms): Total = 2.500000 ms
699.751886 [NR_MAC] I TDA index 0: start 0 length 13 k2 2
699.751899 [NR_MAC] I TDA index 1: start 10 length 3 k2 2
699.752089 [NR_RRC] I SIB1 freq: offsetToPointA 246
699.752167 [GNB_APP] I F1AP: gNB idx 0 gNB_DU_id 3584, gNB_DU_name oai-gnb-00, TAC 1 MCC/MNC/length 1/1/2 cellID 1
699.752178 [GNB_APP] I ngran_DU: Configuring Cell 0 for TDD
699.752209 [GNB_APP] I Configured DU: cell ID 1, PCI 0
699.752360 [GNB_APP] I gNB 0: neighbour_list has 0 serving cell(s)
699.752700 [GNB_APP] I SDAP layer is enabled
699.752728 [GNB_APP] I gNB 0 SIB2 config: q_Hyst=0 dB, cellReselPrio=0, q_RxLevMin=-56 dBm, t_ReselectionNR=1 s
699.760019 [GNB_APP] I Parsed IPv4 address for NG AMF: 192.168.8.199
699.760042 [UTIL]   I threadCreate() for TASK_SCTP: creating thread with affinity ffffffff, priority 50
699.762452 [X2AP]   I X2AP is disabled.
699.762488 [UTIL]   I threadCreate() for TASK_NGAP: creating thread with affinity ffffffff, priority 50
699.764975 [NGAP]   D Starting NGAP layer
699.765078 [NGAP]   I Registered new gNB[0] and macro gNB id 3584
699.765081 [NGAP]   I [gNB 0] check the amf registration state
699.765125 [UTIL]   I threadCreate() for TASK_RRC_GNB: creating thread with affinity ffffffff, priority 50
699.765662 [NGAP]   A Send NGSetupRequest to AMF
699.765666 [NGAP]   I 3584 -> 0000e000
699.767922 [NR_RRC] I Entering main loop of NR_RRC message task
699.768013 [GTPU]   I Configuring GTPu
699.768041 [GTPU]   I SA mode 
699.768052 [GTPU]   I Configuring GTPu address : 192.168.8.199, port : 2152
699.768062 [GTPU]   I Initializing UDP for local address 192.168.8.199 with port 2152
699.768086 [GTPU]   I Created gtpu instance id: 82
699.768099 [UTIL]   I threadCreate() for GTPrx_82: creating thread with affinity ffffffff, priority 50
699.770517 [NR_RRC] I Accepting new CU-UP ID 3584 name oai-gnb-00 (assoc_id -1)
699.770538 [UTIL]   I threadCreate() for TASK_GNB_APP: creating thread with affinity ffffffff, priority 50
699.772591 [NGAP]   D Served GUAMIs for AMF open5gs-amf0 (assoc_id=13):
699.772594 [NGAP]   D  GUAMI:
699.772595 [NGAP]   D    PLMN: MCC=001, MNC=01
699.772596 [NGAP]   D    AMF Region ID: 2
699.772596 [NGAP]   D    AMF Set ID: 1
699.772597 [NGAP]   D    AMF Pointer: 0
699.772598 [NGAP]   I Supported PLMN 0: MCC=001 MNC=01
699.772599 [NGAP]   I Supported slice (PLMN 0): SST=0x01 SD=000
699.772600 [NGAP]   I Supported slice (PLMN 0): SST=0x01 SD=123
699.772602 [ITTI]   W tried to remove a non existing timer
699.772603 [NGAP]   I reconnected to AMF
699.772606 [NGAP]   A Received NGSetupResponse from AMF
699.773116 [GNB_APP] I [gNB 0] Received NGAP_REGISTER_GNB_CNF: associated AMF 1
699.773130 [NR_RRC] I Received F1 Setup Request from gNB_DU 3584 (oai-gnb-00) on assoc_id -1
699.773142 [NR_RRC] I Accepting DU 3584 (oai-gnb-00) (RRC version 17.3.0)
699.773180 [UTIL]   I threadCreate() for TASK_GTPV1_U: creating thread with affinity ffffffff, priority 50
699.773212 [NR_RRC] I Added cell 1 to DU cells array (total cells = 1)
699.773216 [NR_RRC] I DU 3584: Added cell 1
699.773218 [NR_RRC] I DU 3584 (oai-gnb-00): sending F1 Setup Response
699.773226 [MAC]    I received F1 Setup Response from CU (null)
699.773227 [MAC]    I CU uses RRC version 17.3.0
699.773233 [MAC]    I Clearing the DU's UE states before, if any.
699.773239 [NR_RRC] I cell PLMN 001.01 Cell ID 1 is in service
699.773241 [MAC]    I received gNB-DU configuration update acknowledge
699.776657 [UTIL]   I threadCreate() for time source realtime: creating thread with affinity ffffffff, priority 2
699.779109 [UTIL]   I time manager configuration: [time source: reatime] [mode: standalone] [server IP: 127.0.0.1} [server port: 7374] (server IP/port not used)
836.581027 [UTIL]   I threadCreate() for vnf_p7_thread: creating thread with affinity e, priority 50
836.583489 [UTIL]   I threadCreate() for vnf_p7_thread: creating thread with affinity e, priority 50
836.585902 [UTIL]   I threadCreate() for vnf_timing: creating thread with affinity f, priority 97
842.588369 [NFAPI_VNF] I Starting VNF autonomous timing thread: mu = 1, slot duration = 500 us
843.599892 [NR_MAC] I Frame.Slot 128.0

844.804886 [NR_MAC] I Frame.Slot 256.0

846.009886 [NR_MAC] I Frame.Slot 384.0

847.214886 [NR_MAC] I Frame.Slot 512.0

848.483501 [NR_MAC] I Frame.Slot 640.0

849.763500 [NR_MAC] I Frame.Slot 768.0

851.043506 [NR_MAC] I Frame.Slot 896.0

852.323509 [NR_MAC] I Frame.Slot 0.0

853.603511 [NR_MAC] I Frame.Slot 128.0

854.883512 [NR_MAC] I Frame.Slot 256.0

856.164511 [NR_MAC] I Frame.Slot 384.0

857.445012 [NR_MAC] I Frame.Slot 512.0

858.726013 [NR_MAC] I Frame.Slot 640.0

860.006513 [NR_MAC] I Frame.Slot 768.0

861.286513 [NR_MAC] I Frame.Slot 896.0

862.566513 [NR_MAC] I Frame.Slot 0.0

863.846514 [NR_MAC] I Frame.Slot 128.0

865.126513 [NR_MAC] I Frame.Slot 256.0

866.406512 [NR_MAC] I Frame.Slot 384.0

867.686513 [NR_MAC] I Frame.Slot 512.0

868.966513 [NR_MAC] I Frame.Slot 640.0

870.246513 [NR_MAC] I Frame.Slot 768.0

871.526513 [NR_MAC] I Frame.Slot 896.0

872.806514 [NR_MAC] I Frame.Slot 0.0

874.086513 [NR_MAC] I Frame.Slot 128.0

875.366514 [NR_MAC] I Frame.Slot 256.0

876.646514 [NR_MAC] I Frame.Slot 384.0

877.926514 [NR_MAC] I Frame.Slot 512.0

879.206513 [NR_MAC] I Frame.Slot 640.0

880.486513 [NR_MAC] I Frame.Slot 768.0

881.766514 [NR_MAC] I Frame.Slot 896.0

883.046514 [NR_MAC] I Frame.Slot 0.0

884.326514 [NR_MAC] I Frame.Slot 128.0

885.606513 [NR_MAC] I Frame.Slot 256.0

886.886513 [NR_MAC] I Frame.Slot 384.0

888.166514 [NR_MAC] I Frame.Slot 512.0

889.446523 [NR_MAC] I Frame.Slot 640.0

890.726513 [NR_MAC] I Frame.Slot 768.0

892.006514 [NR_MAC] I Frame.Slot 896.0

893.071031 [NR_MAC] A 1001.19 UE RA-RNTI 010b TC-RNTI 6e47: initiating RA procedure
893.071039 [NR_MAC] I UE 6e47: Sync beam index 0
893.073017 [NR_MAC] I UE 6e47: Msg3 scheduled at 1002.18 (1002.13 TDA 1) start 0 RBs 8
893.073023 [NR_MAC] A UE 6e47: 1002.13 Generating RA-Msg2 DCI, RA RNTI 0x10b, state 1, preamble_index(RAPID) 39, timing_offset = 42 (estimated distance 1640.7 [m])
893.082013 [NR_MAC] I 100311: RA RNTI 6e47 CC_id 0 Scheduling retransmission of Msg3 in (1003,13)
893.089514 [NR_MAC] I 1004 6: RA RNTI 6e47 CC_id 0 Scheduling retransmission of Msg3 in (1004,8)
893.090540 [NR_MAC] A 1003.19 UE RA-RNTI 010b TC-RNTI d61c: initiating RA procedure
893.090545 [NR_MAC] I UE d61c: Sync beam index 0
893.093015 [NR_MAC] I UE d61c: Msg3 scheduled at 1004.18 (1004.13 TDA 1) start 0 RBs 8
893.093019 [NR_MAC] A UE d61c: 1004.13 Generating RA-Msg2 DCI, RA RNTI 0x10b, state 1, preamble_index(RAPID) 51, timing_offset = 1 (estimated distance 39.1 [m])
893.097014 [NR_MAC] I 1005 1: RA RNTI 6e47 CC_id 0 Scheduling retransmission of Msg3 in (1005,3)
893.100027 [NR_MAC] A 1004.18 PUSCH with TC_RNTI 0xd61c received correctly
893.100035 [MAC]    I [RAPROC] Received SDU for CCCH length 6 for UE d61c
893.100040 [RLC]    I Activated srb0 for UE 54812
893.100049 [NR_RRC] I SRS configured with 1 ports
893.100071 [RLC]    I Added srb 1 to UE 54812
893.100169 [NR_MAC] I Activating scheduling Msg4 for TC_RNTI 0xd61c (state WAIT_Msg3)
893.100181 [NR_RRC] I Decoding CCCH: RNTI d61c, payload_size 6
893.100202 [NR_RRC] A [--] (cellID 0, UE ID 1 RNTI d61c) Create UE context: CU UE ID 1 DU UE ID 54812 (rnti: d61c, random ue id 2851d5248d000000)
893.100207 [NR_RRC] I Adding new PCell (cell 1, assoc_id -1)
893.100214 [RRC]    I activate SRB 1 of UE 1
893.100220 [NR_RRC] A [DL] (cellID 1, UE ID 1 RNTI d61c) Send RRC Setup
893.100541 [NR_MAC] I UE d61c Generate Msg4: feedback at 1005.13, payload 217 bytes, next state nrRA_WAIT_Msg4_MsgB_ACK
893.102526 [NR_MAC] W UE 6e47 RA failed at state WAIT_Msg3 (Reached msg3 max harq rounds)
893.102534 [NR_MAC] I Remove NR rnti 0x6e47
893.107528 [NR_MAC] A 1005.13 UE d61c: Received Ack of Msg4. CBRA procedure succeeded (UE Connected)
893.107539 [NR_MAC] I Adding new UE context with RNTI 0xd61c
893.130196 [NR_RRC] A [UL] (cellID 1, UE ID 1 RNTI d61c) Received RRCSetupComplete (RRC_CONNECTED reached)
893.130202 [NGAP]   I Selected PLMN in the NG Initial UE Message: MCC=001 MNC=01
893.130223 [NGAP]   I UE 1: Selected AMF 'open5gs-amf0' (assoc_id 13) through selected PLMN MCC=001 MNC=01
893.130253 [NGAP]   I Create UE context (ID 1) for AMF 'open5gs-amf0' (assoc_id 13)
893.135651 [NR_RRC] A [DL] (cellID 1, UE ID 1 RNTI d61c) Send DL Information Transfer [42 bytes]
893.192580 [NR_RRC] A [UL] (cellID 1, UE ID 1 RNTI d61c) Received RRC UL Information Transfer [24 bytes]
893.195136 [NR_RRC] A [DL] (cellID 1, UE ID 1 RNTI d61c) Send DL Information Transfer [19 bytes]
893.217563 [NR_RRC] A [UL] (cellID 1, UE ID 1 RNTI d61c) Received RRC UL Information Transfer [68 bytes]
893.224867 [NGAP]   D NGAP_FIND_PROTOCOLIE_BY_ID ie is NULL (searching for ie: 110)
893.224875 [NGAP]   D NGAP_FIND_PROTOCOLIE_BY_ID ie is NULL (searching for ie: 71)
893.224876 [NGAP]   D AllowedNSSAI.list.count 1
893.224878 [NGAP]   D NGAP_FIND_PROTOCOLIE_BY_ID ie is NULL (searching for ie: 36)
893.224890 [NGAP]   I Initial Context Setup UE RAN ID 1 UE AMF ID 2: 0 PDU session(s)
893.224897 [NR_RRC] A [--] (cellID 1, UE ID 1 RNTI d61c) Selected security algorithms: ciphering 0, integrity 2
893.224902 [NR_RRC] I [UE d61c] Saved security key C5
893.231572 [NR_RRC] I UE 1 Logical Channel DL-DCCH, Generate SecurityModeCommand (bytes 3)
893.257573 [NR_RRC] A [UL] (cellID 1, UE ID 1 RNTI d61c) Received Security Mode Complete
893.258697 [NR_RRC] I UE 1: Logical Channel DL-DCCH, Generate NR UECapabilityEnquiry (bytes 8, xid 1)
893.283580 [NR_RRC] A [UL] (cellID 1, UE ID 1 RNTI d61c) Received UE capabilities
893.283663 [NR_RRC] I Send message to ngap: NGAP_UE_CAPABILITIES_IND
893.283760 [NR_RRC] A [DL] (cellID 1, UE ID 1 RNTI d61c) Send DL Information Transfer [46 bytes]
893.283768 [NR_RRC] I Send message to sctp: NGAP_InitialContextSetupResponse
893.286526 [NR_MAC] I Frame.Slot 0.0
UE RNTI d61c CU-UE-ID 1 in-sync PH 65 dB PCMAX 22 dBm, average RSRP -67 (4 meas)
UE d61c: CQI 15, RI 2, PMI (11,1)
UE d61c: dlsch_rounds 10/0/0/0, dlsch_errors 0, pucch0_DTX 0 (SNR 32.5+12.5 dB), BLER 0.22500 MCS (0) 24 CCE fail 0, goodput 0.02 Mbps
UE d61c: ulsch_rounds 27/1/0/0, ulsch_errors 0, ulsch_DTX 1, BLER 0.23269 MCS (0) 0 (Qm 2 deltaMCS 0 dB) NPRB 53 SNR 23.8 (+3.8) dB CCE fail 0, goodput 0.02 Mbps
UE d61c: LCID 1: TX            182 RX            384 bytes

893.307560 [NR_RRC] A [UL] (cellID 1, UE ID 1 RNTI d61c) Received RRC UL Information Transfer [13 bytes]
893.307879 [NR_RRC] A [DL] (cellID 1, UE ID 1 RNTI d61c) Send DL Information Transfer [40 bytes]
893.767599 [NR_RRC] A [UL] (cellID 1, UE ID 1 RNTI d61c) Received RRC UL Information Transfer [84 bytes]
893.776263 [NGAP]   I PDUSESSIONSetup initiating message
893.776557 [NR_RRC] I UE 1: received PDU Session Resource Setup Request
893.776570 [NR_RRC] I UE 1: added QoS flow with QFI=1, total number of QoS flows = 1
893.776573 [NR_RRC] I Added PDU Session 1, (total nb of sessions = 1)
893.776576 [NR_RRC] I UE 1: created new DRB 1 for QFI 1 (5QI 9)
893.776577 [NR_RRC] I UE 1: assigned DRB 1 to QFI 1 (5QI 9) in PDU session 1
893.777668 [NR_RRC] I PDU Session to Setup: PDU Session ID=1, incoming TEID=0x0000901c, Addr=192.168.8.26
893.777678 [NR_RRC] A [--] (cellID 1, UE ID 1 RNTI d61c) selecting CU-UP ID 3584 based on exact NSSAI match (1:0xffffff)
893.777681 [RRC]    I UE 1 associating to CU-UP assoc_id -1 out of 1 CU-UPs
893.777708 [E1AP]   I UE 1: set up PDU session ID 1 (1 bearers)
893.777713 [SDAP]   I Default DRB for the created SDAP entity: DRB 1 
893.777717 [PDCP]   I Added DRB 1 to UE ID 1
893.777725 [GTPU]   I N3 GTP-U tunnel: PDUSession=1/UL TEID=0x0000901c
893.777732 [GTPU]   I [82] UE ID 1: Create tunnel TEID incoming 0x8822b487 outgoing 0x901c to remote IPv4 192.168.8.26, IPv6 ::, port 2152
893.777777 [RRC]    I activate SRB 2 of UE 1
893.778980 [RLC]    I Added srb 2 to UE 54812
893.779251 [RLC]    I Added drb 1 to UE 54812
893.779253 [RLC]    I Added DRB to UE 54812
893.779317 [RRC]    I UE 1 trigger UE context setup request with 1 DRBs
893.780389 [E1AP]   I UE 1: updating PDU session ID 1 (0 setup, 1 modify bearers)
893.780393 [PDCP]   I DRB 1 re-established
893.780531 [NR_RRC] I PDU Session New: status to ESTABLISH for PDU Session 1 
893.780562 [NR_RRC] A [DL] (cellID 1, UE ID 1 RNTI d61c) Generate RRCReconfiguration (bytes 371, xid 0)
893.780574 [NR_RRC] I Received E1AP Bearer Context Modification Response for UE CU-CP ID 1
893.780575 [RRC]    I UE 1: PDU session ID 1 modified 1 bearers, setup 0 bearers
893.812578 [NR_RRC] A [UL] (cellID 1, UE ID 1 RNTI d61c) Received RRCReconfigurationComplete
893.812591 [NR_RRC] I PDU Session Setup: ID=1, outgoing TEID=0x8822b487, Addr=192.168.8.199
893.812593 [NR_RRC] I NGAP_PDUSESSION_SETUP_RESP: sending the message
893.812608 [NGAP]   D Encoded PDU Session Transfer (1): TEID=0x8822b487, Addr=192.168.8.199
893.812712 [NR_MAC] I DU received confirmation of successful RRC Reconfiguration
894.566530 [NR_MAC] I Frame.Slot 128.0
UE RNTI d61c CU-UE-ID 1 in-sync PH 48 dB PCMAX 22 dBm, average RSRP -67 (32 meas)
UE d61c: CQI 11, RI 4, PMI (4,1)
UE d61c: dlsch_rounds 48/0/0/0, dlsch_errors 0, pucch0_DTX 0 (SNR 22.1+2.1 dB), BLER 0.14762 MCS (1) 19 CCE fail 0, goodput 0.39 Mbps
UE d61c: ulsch_rounds 100/1/0/0, ulsch_errors 0, ulsch_DTX 1, BLER 0.06572 MCS (1) 2 (Qm 2 deltaMCS 0 dB) NPRB 5 SNR 21.7 (+1.7) dB CCE fail 0, goodput 0.06 Mbps
UE d61c: LCID 1: TX            624 RX            538 bytes
UE d61c: LCID 2: TX              0 RX              0 bytes
UE d61c: LCID 4: TX          17905 RX           4551 bytes

895.846528 [NR_MAC] I Frame.Slot 256.0
UE RNTI d61c CU-UE-ID 1 in-sync PH 48 dB PCMAX 21 dBm, average RSRP -67 (32 meas)
UE d61c: CQI 11, RI 4, PMI (4,1)
UE d61c: dlsch_rounds 193/1/0/0, dlsch_errors 0, pucch0_DTX 0 (SNR 21.7+1.7 dB), BLER 0.05233 MCS (1) 24 CCE fail 0, goodput 2.01 Mbps
UE d61c: ulsch_rounds 247/1/0/0, ulsch_errors 0, ulsch_DTX 1, BLER 0.01856 MCS (1) 12 (Qm 6 deltaMCS 0 dB) NPRB 5 SNR 21.5 (+1.5) dB CCE fail 0, goodput 0.36 Mbps
UE d61c: LCID 1: TX            627 RX            560 bytes
UE d61c: LCID 2: TX              0 RX              0 bytes
UE d61c: LCID 4: TX         256647 RX          30200 bytes

897.126526 [NR_MAC] I Frame.Slot 384.0
UE RNTI d61c CU-UE-ID 1 in-sync PH 52 dB PCMAX 18 dBm, average RSRP -67 (18 meas)
UE d61c: CQI 11, RI 4, PMI (4,1)
UE d61c: dlsch_rounds 285/5/0/0, dlsch_errors 0, pucch0_DTX 0 (SNR 21.4+1.4 dB), BLER 0.03783 MCS (1) 19 CCE fail 0, goodput 1.03 Mbps
UE d61c: ulsch_rounds 360/2/0/0, ulsch_errors 0, ulsch_DTX 1, BLER 0.01433 MCS (1) 22 (Qm 8 deltaMCS 0 dB) NPRB 13 SNR 20.8 (+0.8) dB CCE fail 0, goodput 0.20 Mbps
UE d61c: LCID 1: TX            633 RX            604 bytes
UE d61c: LCID 2: TX              0 RX              0 bytes
UE d61c: LCID 4: TX         323702 RX          44589 bytes

898.071539 [NR_MAC] A 477.19 UE RA-RNTI 010b TC-RNTI f723: initiating RA procedure
898.071548 [NR_MAC] I UE f723: Sync beam index 0
898.073026 [NR_MAC] I UE f723: Msg3 scheduled at 478.18 (478.13 TDA 1) start 0 RBs 8
898.073033 [NR_MAC] A UE f723: 478.13 Generating RA-Msg2 DCI, RA RNTI 0x10b, state 1, preamble_index(RAPID) 13, timing_offset = 14 (estimated distance 546.9 [m])
898.082014 [NR_MAC] I  47911: RA RNTI f723 CC_id 0 Scheduling retransmission of Msg3 in (479,13)
898.089513 [NR_MAC] I  480 6: RA RNTI f723 CC_id 0 Scheduling retransmission of Msg3 in (480,8)
898.097014 [NR_MAC] I  481 1: RA RNTI f723 CC_id 0 Scheduling retransmission of Msg3 in (481,3)
898.102542 [NR_MAC] W UE f723 RA failed at state WAIT_Msg3 (Reached msg3 max harq rounds)
898.102550 [NR_MAC] I Remove NR rnti 0xf723
898.141530 [NR_MAC] A 484.19 UE RA-RNTI 010b TC-RNTI 4e36: initiating RA procedure
898.141536 [NR_MAC] I UE 4e36: Sync beam index 0
898.143016 [NR_MAC] I UE 4e36: Msg3 scheduled at 485.18 (485.13 TDA 1) start 0 RBs 8
898.143021 [NR_MAC] A UE 4e36: 485.13 Generating RA-Msg2 DCI, RA RNTI 0x10b, state 1, preamble_index(RAPID) 16, timing_offset = 5 (estimated distance 195.3 [m])
898.152013 [NR_MAC] I  48611: RA RNTI 4e36 CC_id 0 Scheduling retransmission of Msg3 in (486,13)
898.159514 [NR_MAC] I  487 6: RA RNTI 4e36 CC_id 0 Scheduling retransmission of Msg3 in (487,8)
898.167013 [NR_MAC] I  488 1: RA RNTI 4e36 CC_id 0 Scheduling retransmission of Msg3 in (488,3)
898.172561 [NR_MAC] W UE 4e36 RA failed at state WAIT_Msg3 (Reached msg3 max harq rounds)
898.172567 [NR_MAC] I Remove NR rnti 0x4e36
898.406525 [NR_MAC] I Frame.Slot 512.0
UE RNTI d61c CU-UE-ID 1 in-sync PH 48 dB PCMAX 18 dBm, average RSRP -67 (4 meas)
UE d61c: CQI 11, RI 4, PMI (4,1)
UE d61c: dlsch_rounds 387/6/0/0, dlsch_errors 0, pucch0_DTX 0 (SNR 20.9+0.9 dB), BLER 0.02057 MCS (1) 19 CCE fail 1, goodput 1.91 Mbps
UE d61c: ulsch_rounds 461/55/1/0, ulsch_errors 0, ulsch_DTX 1, BLER 0.38424 MCS (1) 25 (Qm 8 deltaMCS 0 dB) NPRB 15 SNR 20.3 (+0.3) dB CCE fail 0, goodput 2.72 Mbps
UE d61c: LCID 1: TX            636 RX            626 bytes
UE d61c: LCID 2: TX              0 RX              0 bytes
UE d61c: LCID 4: TX         472959 RX         144622 bytes

898.821029 [NR_MAC] A 552.19 UE RA-RNTI 010b TC-RNTI e09e: initiating RA procedure
898.821036 [NR_MAC] I UE e09e: Sync beam index 0
898.823016 [NR_MAC] I UE e09e: Msg3 scheduled at 553.18 (553.13 TDA 1) start 0 RBs 8
898.823021 [NR_MAC] A UE e09e: 553.13 Generating RA-Msg2 DCI, RA RNTI 0x10b, state 1, preamble_index(RAPID) 35, timing_offset = 6 (estimated distance 234.4 [m])
898.832014 [NR_MAC] I  55411: RA RNTI e09e CC_id 0 Scheduling retransmission of Msg3 in (554,13)
898.839514 [NR_MAC] I  555 6: RA RNTI e09e CC_id 0 Scheduling retransmission of Msg3 in (555,8)
898.847013 [NR_MAC] I  556 1: RA RNTI e09e CC_id 0 Scheduling retransmission of Msg3 in (556,3)
898.852527 [NR_MAC] W UE e09e RA failed at state WAIT_Msg3 (Reached msg3 max harq rounds)
898.852534 [NR_MAC] I Remove NR rnti 0xe09e
899.686528 [NR_MAC] I Frame.Slot 640.0
UE RNTI d61c CU-UE-ID 1 in-sync PH 48 dB PCMAX 18 dBm, average RSRP -67 (3 meas)
UE d61c: CQI 11, RI 4, PMI (4,1)
UE d61c: dlsch_rounds 500/7/0/0, dlsch_errors 0, pucch0_DTX 0 (SNR 20.7+0.7 dB), BLER 0.02646 MCS (1) 24 CCE fail 2, goodput 0.95 Mbps
UE d61c: ulsch_rounds 587/86/1/0, ulsch_errors 0, ulsch_DTX 1, BLER 0.26121 MCS (1) 21 (Qm 8 deltaMCS 0 dB) NPRB 71 SNR 20.0 (+0.0) dB CCE fail 0, goodput 0.68 Mbps
UE d61c: LCID 1: TX            639 RX            648 bytes
UE d61c: LCID 2: TX              0 RX              0 bytes
UE d61c: LCID 4: TX         529979 RX         189169 bytes

900.881135 [NR_MAC] A 758.19 UE RA-RNTI 010b TC-RNTI 14a6: initiating RA procedure
900.881144 [NR_MAC] I UE 14a6: Sync beam index 0
900.883106 [NR_MAC] I UE 14a6: Msg3 scheduled at 759.18 (759.13 TDA 1) start 0 RBs 8
900.883114 [NR_MAC] A UE 14a6: 759.13 Generating RA-Msg2 DCI, RA RNTI 0x10b, state 1, preamble_index(RAPID) 45, timing_offset = 46 (estimated distance 1797.0 [m])
900.892104 [NR_MAC] I  76011: RA RNTI 14a6 CC_id 0 Scheduling retransmission of Msg3 in (760,13)
900.897604 [NR_MAC] I  761 2: RA RNTI 14a6 CC_id 0 Scheduling retransmission of Msg3 in (761,4)
900.904604 [NR_MAC] I  76116: RA RNTI 14a6 CC_id 0 Scheduling retransmission of Msg3 in (761,18)
900.910280 [NR_MAC] W UE 14a6 RA failed at state WAIT_Msg3 (Reached msg3 max harq rounds)
900.910289 [NR_MAC] I Remove NR rnti 0x14a6
900.966619 [NR_MAC] I Frame.Slot 768.0
UE RNTI d61c CU-UE-ID 1 in-sync PH 48 dB PCMAX 18 dBm, average RSRP -67 (26 meas)
UE d61c: CQI 11, RI 4, PMI (5,1)
UE d61c: dlsch_rounds 2179/36/1/0, dlsch_errors 0, pucch0_DTX 0 (SNR 20.4+0.4 dB), BLER 0.01962 MCS (1) 19 CCE fail 2, goodput 425.61 Mbps
UE d61c: ulsch_rounds 714/111/1/0, ulsch_errors 0, ulsch_DTX 1, BLER 0.22681 MCS (1) 24 (Qm 8 deltaMCS 0 dB) NPRB 5 SNR 19.8 (-0.2) dB CCE fail 0, goodput 0.90 Mbps
UE d61c: LCID 1: TX            645 RX            692 bytes
UE d61c: LCID 2: TX              0 RX              0 bytes
UE d61c: LCID 4: TX       69758681 RX         208856 bytes

902.246644 [NR_MAC] I Frame.Slot 896.0
UE RNTI d61c CU-UE-ID 1 in-sync PH 55 dB PCMAX 18 dBm, average RSRP -67 (31 meas)
UE d61c: CQI 11, RI 4, PMI (5,1)
UE d61c: dlsch_rounds 4147/72/1/0, dlsch_errors 0, pucch0_DTX 0 (SNR 21.5+1.5 dB), BLER 0.01902 MCS (1) 19 CCE fail 2, goodput 505.59 Mbps
UE d61c: ulsch_rounds 836/146/1/0, ulsch_errors 0, ulsch_DTX 1, BLER 0.28218 MCS (1) 24 (Qm 8 deltaMCS 0 dB) NPRB 23 SNR 21.4 (+1.4) dB CCE fail 0, goodput 0.78 Mbps
UE d61c: LCID 1: TX            648 RX            714 bytes
UE d61c: LCID 2: TX              0 RX              0 bytes
UE d61c: LCID 4: TX      151872982 RX         228313 bytes

903.526697 [NR_MAC] I Frame.Slot 0.0
UE RNTI d61c CU-UE-ID 1 in-sync PH 48 dB PCMAX 18 dBm, average RSRP -67 (32 meas)
UE d61c: CQI 11, RI 4, PMI (5,1)
UE d61c: dlsch_rounds 6016/116/1/0, dlsch_errors 0, pucch0_DTX 0 (SNR 22.2+2.2 dB), BLER 0.02227 MCS (1) 19 CCE fail 2, goodput 508.35 Mbps
UE d61c: ulsch_rounds 945/170/1/0, ulsch_errors 0, ulsch_DTX 1, BLER 0.23356 MCS (1) 24 (Qm 8 deltaMCS 0 dB) NPRB 5 SNR 21.5 (+1.5) dB CCE fail 0, goodput 0.36 Mbps
UE d61c: LCID 1: TX            651 RX            736 bytes
UE d61c: LCID 2: TX              0 RX              0 bytes
UE d61c: LCID 4: TX      233275167 RX         231110 bytes

904.806672 [NR_MAC] I Frame.Slot 128.0
UE RNTI d61c CU-UE-ID 1 in-sync PH 48 dB PCMAX 18 dBm, average RSRP -67 (32 meas)
UE d61c: CQI 11, RI 4, PMI (5,1)
UE d61c: dlsch_rounds 7307/146/1/0, dlsch_errors 0, pucch0_DTX 0 (SNR 21.9+1.9 dB), BLER 0.02290 MCS (1) 19 CCE fail 2, goodput 521.59 Mbps
UE d61c: ulsch_rounds 1052/185/1/0, ulsch_errors 0, ulsch_DTX 1, BLER 0.17272 MCS (1) 24 (Qm 8 deltaMCS 0 dB) NPRB 5 SNR 21.4 (+1.4) dB CCE fail 0, goodput 0.25 Mbps
UE d61c: LCID 1: TX            654 RX            758 bytes
UE d61c: LCID 2: TX              0 RX              0 bytes
UE d61c: LCID 4: TX      316051542 RX         234379 bytes

906.085115 [NR_MAC] I Frame.Slot 256.0
UE RNTI d61c CU-UE-ID 1 in-sync PH 48 dB PCMAX 18 dBm, average RSRP -67 (31 meas)
UE d61c: CQI 11, RI 4, PMI (5,1)
UE d61c: dlsch_rounds 8760/165/1/0, dlsch_errors 0, pucch0_DTX 0 (SNR 21.2+1.2 dB), BLER 0.01480 MCS (1) 19 CCE fail 2, goodput 316.43 Mbps
UE d61c: ulsch_rounds 1137/203/1/0, ulsch_errors 0, ulsch_DTX 1, BLER 0.26270 MCS (1) 24 (Qm 8 deltaMCS 0 dB) NPRB 5 SNR 21.5 (+1.5) dB CCE fail 0, goodput 0.21 Mbps
UE d61c: LCID 1: TX            657 RX            802 bytes
UE d61c: LCID 2: TX              0 RX              0 bytes
UE d61c: LCID 4: TX      378384156 RX         235665 bytes

906.548864 [RLC]    E 1 SDU rejected, SDU buffer full
906.910587 [NR_MAC] A 337.19 UE RA-RNTI 010b TC-RNTI 993a: initiating RA procedure
906.910596 [NR_MAC] I UE 993a: Sync beam index 0
906.911567 [NR_MAC] I UE 993a: Msg3 scheduled at 338.18 (338.13 TDA 1) start 0 RBs 8
906.911572 [NR_MAC] A UE 993a: 338.13 Generating RA-Msg2 DCI, RA RNTI 0x10b, state 1, preamble_index(RAPID) 30, timing_offset = 35 (estimated distance 1367.2 [m])
906.920564 [NR_MAC] I  33911: RA RNTI 993a CC_id 0 Scheduling retransmission of Msg3 in (339,13)
906.928064 [NR_MAC] I  340 6: RA RNTI 993a CC_id 0 Scheduling retransmission of Msg3 in (340,8)
906.935564 [NR_MAC] I  341 1: RA RNTI 993a CC_id 0 Scheduling retransmission of Msg3 in (341,3)
906.942588 [NR_MAC] W UE 993a RA failed at state WAIT_Msg3 (Reached msg3 max harq rounds)
906.942595 [NR_MAC] I Remove NR rnti 0x993a
907.010576 [NR_MAC] A 347.19 UE RA-RNTI 010b TC-RNTI 14cf: initiating RA procedure
907.010582 [NR_MAC] I UE 14cf: Sync beam index 0
907.011563 [NR_MAC] I UE 14cf: Msg3 scheduled at 348.18 (348.13 TDA 1) start 0 RBs 8
907.011568 [NR_MAC] A UE 14cf: 348.13 Generating RA-Msg2 DCI, RA RNTI 0x10b, state 1, preamble_index(RAPID) 10, timing_offset = 9 (estimated distance 351.6 [m])
907.020562 [NR_MAC] I  34911: RA RNTI 14cf CC_id 0 Scheduling retransmission of Msg3 in (349,13)
907.028060 [NR_MAC] I  350 6: RA RNTI 14cf CC_id 0 Scheduling retransmission of Msg3 in (350,8)
907.030575 [NR_MAC] A 349.19 UE RA-RNTI 010b TC-RNTI 4170: initiating RA procedure
907.030580 [NR_MAC] I UE 4170: Sync beam index 0
907.031560 [NR_MAC] I UE 4170: Msg3 scheduled at 350.18 (350.13 TDA 1) start 0 RBs 8
907.031565 [NR_MAC] A UE 4170: 350.13 Generating RA-Msg2 DCI, RA RNTI 0x10b, state 1, preamble_index(RAPID) 25, timing_offset = 2 (estimated distance 78.1 [m])
907.035560 [NR_MAC] I  351 1: RA RNTI 14cf CC_id 0 Scheduling retransmission of Msg3 in (351,3)
907.040560 [NR_MAC] I  35111: RA RNTI 4170 CC_id 0 Scheduling retransmission of Msg3 in (351,13)
907.042572 [NR_MAC] W UE 14cf RA failed at state WAIT_Msg3 (Reached msg3 max harq rounds)
907.042579 [NR_MAC] I Remove NR rnti 0x14cf
907.048059 [NR_MAC] I  352 6: RA RNTI 4170 CC_id 0 Scheduling retransmission of Msg3 in (352,8)
907.055560 [NR_MAC] I  353 1: RA RNTI 4170 CC_id 0 Scheduling retransmission of Msg3 in (353,3)
907.062572 [NR_MAC] W UE 4170 RA failed at state WAIT_Msg3 (Reached msg3 max harq rounds)
907.062578 [NR_MAC] I Remove NR rnti 0x4170
907.365062 [NR_MAC] I Frame.Slot 384.0
UE RNTI d61c CU-UE-ID 1 in-sync PH 48 dB PCMAX 18 dBm, average RSRP -67 (12 meas)
UE d61c: CQI 11, RI 4, PMI (4,1)
UE d61c: dlsch_rounds 8760/165/1/0, dlsch_errors 0, pucch0_DTX 0 (SNR 21.2+1.2 dB), BLER 0.01480 MCS (1) 19 CCE fail 2, goodput 40.78 Mbps
UE d61c: ulsch_rounds 1160/210/8/7, ulsch_errors 7, ulsch_DTX 29, BLER 0.55100 MCS (1) 17 (Qm 6 deltaMCS 0 dB) NPRB 5 SNR 22.1 (+2.1) dB CCE fail 0, goodput 0.10 Mbps
UE d61c: LCID 1: TX            657 RX            978 bytes
UE d61c: LCID 2: TX              0 RX              0 bytes
UE d61c: LCID 4: TX      378384156 RX         235665 bytes

907.390563 [NR_MAC] A 385.19 UE RA-RNTI 010b TC-RNTI d446: initiating RA procedure
907.390569 [NR_MAC] I UE d446: Sync beam index 0
907.391551 [NR_MAC] I UE d446: Msg3 scheduled at 386.18 (386.13 TDA 1) start 0 RBs 8
907.391556 [NR_MAC] A UE d446: 386.13 Generating RA-Msg2 DCI, RA RNTI 0x10b, state 1, preamble_index(RAPID) 56, timing_offset = 28 (estimated distance 1093.8 [m])
907.400550 [NR_MAC] I  38711: RA RNTI d446 CC_id 0 Scheduling retransmission of Msg3 in (387,13)
907.408050 [NR_MAC] I  388 6: RA RNTI d446 CC_id 0 Scheduling retransmission of Msg3 in (388,8)
907.410564 [NR_MAC] A 387.19 UE RA-RNTI 010b TC-RNTI 2feb: initiating RA procedure
907.410569 [NR_MAC] I UE 2feb: Sync beam index 0
907.411550 [NR_MAC] I UE 2feb: Msg3 scheduled at 388.18 (388.13 TDA 1) start 0 RBs 8
907.411555 [NR_MAC] A UE 2feb: 388.13 Generating RA-Msg2 DCI, RA RNTI 0x10b, state 1, preamble_index(RAPID) 26, timing_offset = 32 (estimated distance 1250.1 [m])
907.415550 [NR_MAC] I  389 1: RA RNTI d446 CC_id 0 Scheduling retransmission of Msg3 in (389,3)
907.420550 [NR_MAC] I  38911: RA RNTI 2feb CC_id 0 Scheduling retransmission of Msg3 in (389,13)
907.422562 [NR_MAC] W UE d446 RA failed at state WAIT_Msg3 (Reached msg3 max harq rounds)
907.422568 [NR_MAC] I Remove NR rnti 0xd446
907.428050 [NR_MAC] I  390 6: RA RNTI 2feb CC_id 0 Scheduling retransmission of Msg3 in (390,8)
907.430563 [NR_MAC] A 389.19 UE RA-RNTI 010b TC-RNTI 4097: initiating RA procedure
907.430568 [NR_MAC] I UE 4097: Sync beam index 0
907.431549 [NR_MAC] I UE 4097: Msg3 scheduled at 390.18 (390.13 TDA 1) start 0 RBs 8
907.431555 [NR_MAC] A UE 4097: 390.13 Generating RA-Msg2 DCI, RA RNTI 0x10b, state 1, preamble_index(RAPID) 30, timing_offset = 15 (estimated distance 586.0 [m])
907.435549 [NR_MAC] I  391 1: RA RNTI 2feb CC_id 0 Scheduling retransmission of Msg3 in (391,3)
907.440549 [NR_MAC] I  39111: RA RNTI 4097 CC_id 0 Scheduling retransmission of Msg3 in (391,13)
907.442561 [NR_MAC] W UE 2feb RA failed at state WAIT_Msg3 (Reached msg3 max harq rounds)
907.442567 [NR_MAC] I Remove NR rnti 0x2feb
907.448049 [NR_MAC] I  392 6: RA RNTI 4097 CC_id 0 Scheduling retransmission of Msg3 in (392,8)
907.455549 [NR_MAC] I  393 1: RA RNTI 4097 CC_id 0 Scheduling retransmission of Msg3 in (393,3)
907.462561 [NR_MAC] W UE 4097 RA failed at state WAIT_Msg3 (Reached msg3 max harq rounds)
907.462567 [NR_MAC] I Remove NR rnti 0x4097
907.530561 [NR_MAC] A 399.19 UE RA-RNTI 010b TC-RNTI 6321: initiating RA procedure
907.530567 [NR_MAC] I UE 6321: Sync beam index 0
907.531549 [NR_MAC] I UE 6321: Msg3 scheduled at 400.18 (400.13 TDA 1) start 0 RBs 8
907.531553 [NR_MAC] A UE 6321: 400.13 Generating RA-Msg2 DCI, RA RNTI 0x10b, state 1, preamble_index(RAPID) 50, timing_offset = 0 (estimated distance 0.0 [m])
907.540548 [NR_MAC] I  40111: RA RNTI 6321 CC_id 0 Scheduling retransmission of Msg3 in (401,13)
907.548048 [NR_MAC] I  402 6: RA RNTI 6321 CC_id 0 Scheduling retransmission of Msg3 in (402,8)
907.549479 [RLC]    E 46389 SDU rejected, SDU buffer full
907.555548 [NR_MAC] I  403 1: RA RNTI 6321 CC_id 0 Scheduling retransmission of Msg3 in (403,3)
907.562560 [NR_MAC] W UE 6321 RA failed at state WAIT_Msg3 (Reached msg3 max harq rounds)
907.562566 [NR_MAC] I Remove NR rnti 0x6321
908.470547 [NR_MAC] A 493.19 UE RA-RNTI 010b TC-RNTI f4f0: initiating RA procedure
908.470555 [NR_MAC] I UE f4f0: Sync beam index 0
908.473035 [NR_MAC] I UE f4f0: Msg3 scheduled at 494.18 (494.13 TDA 1) start 0 RBs 8
908.473041 [NR_MAC] A UE f4f0: 494.13 Generating RA-Msg2 DCI, RA RNTI 0x10b, state 1, preamble_index(RAPID) 39, timing_offset = 38 (estimated distance 1484.4 [m])
908.482034 [NR_MAC] I  49511: RA RNTI f4f0 CC_id 0 Scheduling retransmission of Msg3 in (495,13)
908.489533 [NR_MAC] I  496 6: RA RNTI f4f0 CC_id 0 Scheduling retransmission of Msg3 in (496,8)
908.490558 [NR_MAC] A 495.19 UE RA-RNTI 010b TC-RNTI 67c5: initiating RA procedure
908.490563 [NR_MAC] I UE 67c5: Sync beam index 0
908.493033 [NR_MAC] I UE 67c5: Msg3 scheduled at 496.18 (496.13 TDA 1) start 0 RBs 8
908.493038 [NR_MAC] A UE 67c5: 496.13 Generating RA-Msg2 DCI, RA RNTI 0x10b, state 1, preamble_index(RAPID) 13, timing_offset = 14 (estimated distance 546.9 [m])
908.497033 [NR_MAC] I  497 1: RA RNTI f4f0 CC_id 0 Scheduling retransmission of Msg3 in (497,3)
908.502032 [NR_MAC] I  49711: RA RNTI 67c5 CC_id 0 Scheduling retransmission of Msg3 in (497,13)
908.502546 [NR_MAC] W UE f4f0 RA failed at state WAIT_Msg3 (Reached msg3 max harq rounds)
908.502551 [NR_MAC] I Remove NR rnti 0xf4f0
908.509533 [NR_MAC] I  498 6: RA RNTI 67c5 CC_id 0 Scheduling retransmission of Msg3 in (498,8)
908.510557 [NR_MAC] A 497.19 UE RA-RNTI 010b TC-RNTI acc9: initiating RA procedure
908.510562 [NR_MAC] I UE acc9: Sync beam index 0
908.513033 [NR_MAC] I UE acc9: Msg3 scheduled at 498.18 (498.13 TDA 1) start 0 RBs 8
908.513038 [NR_MAC] A UE acc9: 498.13 Generating RA-Msg2 DCI, RA RNTI 0x10b, state 1, preamble_index(RAPID) 60, timing_offset = 15 (estimated distance 586.0 [m])
908.517033 [NR_MAC] I  499 1: RA RNTI 67c5 CC_id 0 Scheduling retransmission of Msg3 in (499,3)
908.522043 [NR_MAC] I  49911: RA RNTI acc9 CC_id 0 Scheduling retransmission of Msg3 in (499,13)
908.522546 [NR_MAC] W UE 67c5 RA failed at state WAIT_Msg3 (Reached msg3 max harq rounds)
908.522551 [NR_MAC] I Remove NR rnti 0x67c5
908.529533 [NR_MAC] I  500 6: RA RNTI acc9 CC_id 0 Scheduling retransmission of Msg3 in (500,8)
908.530558 [NR_MAC] A 499.19 UE RA-RNTI 010b TC-RNTI c669: initiating RA procedure
908.530563 [NR_MAC] I UE c669: Sync beam index 0
908.533033 [NR_MAC] I UE c669: Msg3 scheduled at 500.18 (500.13 TDA 1) start 0 RBs 8
908.533037 [NR_MAC] A UE c669: 500.13 Generating RA-Msg2 DCI, RA RNTI 0x10b, state 1, preamble_index(RAPID) 9, timing_offset = 28 (estimated distance 1093.8 [m])
908.537033 [NR_MAC] I  501 1: RA RNTI acc9 CC_id 0 Scheduling retransmission of Msg3 in (501,3)
908.542032 [NR_MAC] I  50111: RA RNTI c669 CC_id 0 Scheduling retransmission of Msg3 in (501,13)
908.542545 [NR_MAC] W UE acc9 RA failed at state WAIT_Msg3 (Reached msg3 max harq rounds)
908.542551 [NR_MAC] I Remove NR rnti 0xacc9
908.549533 [NR_MAC] I  502 6: RA RNTI c669 CC_id 0 Scheduling retransmission of Msg3 in (502,8)
908.550480 [RLC]    E 46412 SDU rejected, SDU buffer full
908.550558 [NR_MAC] A 501.19 UE RA-RNTI 010b TC-RNTI dc8d: initiating RA procedure
908.550563 [NR_MAC] I UE dc8d: Sync beam index 0
908.553033 [NR_MAC] I UE dc8d: Msg3 scheduled at 502.18 (502.13 TDA 1) start 0 RBs 8
908.553039 [NR_MAC] A UE dc8d: 502.13 Generating RA-Msg2 DCI, RA RNTI 0x10b, state 1, preamble_index(RAPID) 50, timing_offset = 0 (estimated distance 0.0 [m])
908.557032 [NR_MAC] I  503 1: RA RNTI c669 CC_id 0 Scheduling retransmission of Msg3 in (503,3)
908.562032 [NR_MAC] I  50311: RA RNTI dc8d CC_id 0 Scheduling retransmission of Msg3 in (503,13)
908.562557 [NR_MAC] W UE c669 RA failed at state WAIT_Msg3 (Reached msg3 max harq rounds)
908.562563 [NR_MAC] I Remove NR rnti 0xc669
908.569533 [NR_MAC] I  504 6: RA RNTI dc8d CC_id 0 Scheduling retransmission of Msg3 in (504,8)
908.577033 [NR_MAC] I  505 1: RA RNTI dc8d CC_id 0 Scheduling retransmission of Msg3 in (505,3)
908.582545 [NR_MAC] W UE dc8d RA failed at state WAIT_Msg3 (Reached msg3 max harq rounds)
908.582550 [NR_MAC] I Remove NR rnti 0xdc8d
908.646540 [NR_MAC] I Frame.Slot 512.0
UE RNTI d61c CU-UE-ID 1 in-sync PH 48 dB PCMAX 18 dBm
UE d61c: CQI 11, RI 4, PMI (4,1)
UE d61c: dlsch_rounds 8760/165/1/0, dlsch_errors 0, pucch0_DTX 0 (SNR 21.2+1.2 dB), BLER 0.01480 MCS (1) 19 CCE fail 2, goodput 5.25 Mbps
UE d61c: ulsch_rounds 1170/220/18/17, ulsch_errors 17, ulsch_DTX 69, BLER 0.84344 MCS (1) 7 (Qm 4 deltaMCS 0 dB) NPRB 5 SNR 22.1 (+2.1) dB CCE fail 0, goodput 0.05 Mbps
UE d61c: LCID 1: TX            657 RX            978 bytes
UE d61c: LCID 2: TX              0 RX              0 bytes
UE d61c: LCID 4: TX      378384156 RX         235665 bytes

908.650557 [NR_MAC] A 511.19 UE RA-RNTI 010b TC-RNTI 5b31: initiating RA procedure
908.650562 [NR_MAC] I UE 5b31: Sync beam index 0
908.653031 [NR_MAC] I UE 5b31: Msg3 scheduled at 512.18 (512.13 TDA 1) start 0 RBs 8
908.653035 [NR_MAC] A UE 5b31: 512.13 Generating RA-Msg2 DCI, RA RNTI 0x10b, state 1, preamble_index(RAPID) 3, timing_offset = 4 (estimated distance 156.3 [m])
908.662030 [NR_MAC] I  51311: RA RNTI 5b31 CC_id 0 Scheduling retransmission of Msg3 in (513,13)
908.669530 [NR_MAC] I  514 6: RA RNTI 5b31 CC_id 0 Scheduling retransmission of Msg3 in (514,8)
908.670556 [NR_MAC] A 513.19 UE RA-RNTI 010b TC-RNTI 38b1: initiating RA procedure
908.670561 [NR_MAC] I UE 38b1: Sync beam index 0
908.673031 [NR_MAC] I UE 38b1: Msg3 scheduled at 514.18 (514.13 TDA 1) start 0 RBs 8
908.673035 [NR_MAC] A UE 38b1: 514.13 Generating RA-Msg2 DCI, RA RNTI 0x10b, state 1, preamble_index(RAPID) 9, timing_offset = 11 (estimated distance 429.7 [m])
908.677030 [NR_MAC] I  515 1: RA RNTI 5b31 CC_id 0 Scheduling retransmission of Msg3 in (515,3)
908.682030 [NR_MAC] I  51511: RA RNTI 38b1 CC_id 0 Scheduling retransmission of Msg3 in (515,13)
908.682543 [NR_MAC] W UE 5b31 RA failed at state WAIT_Msg3 (Reached msg3 max harq rounds)
908.682549 [NR_MAC] I Remove NR rnti 0x5b31
908.689530 [NR_MAC] I  516 6: RA RNTI 38b1 CC_id 0 Scheduling retransmission of Msg3 in (516,8)
908.697029 [NR_MAC] I  517 1: RA RNTI 38b1 CC_id 0 Scheduling retransmission of Msg3 in (517,3)
908.702542 [NR_MAC] W UE 38b1 RA failed at state WAIT_Msg3 (Reached msg3 max harq rounds)
908.702548 [NR_MAC] I Remove NR rnti 0x38b1
909.130547 [NR_MAC] A 559.19 UE RA-RNTI 010b TC-RNTI a64f: initiating RA procedure
909.130554 [NR_MAC] I UE a64f: Sync beam index 0
909.133022 [NR_MAC] I UE a64f: Msg3 scheduled at 560.18 (560.13 TDA 1) start 0 RBs 8
909.133027 [NR_MAC] A UE a64f: 560.13 Generating RA-Msg2 DCI, RA RNTI 0x10b, state 1, preamble_index(RAPID) 9, timing_offset = 28 (estimated distance 1093.8 [m])
909.142021 [NR_MAC] I  56111: RA RNTI a64f CC_id 0 Scheduling retransmission of Msg3 in (561,13)
909.149522 [NR_MAC] I  562 6: RA RNTI a64f CC_id 0 Scheduling retransmission of Msg3 in (562,8)
909.150547 [NR_MAC] A 561.19 UE RA-RNTI 010b TC-RNTI 21a6: initiating RA procedure
909.150552 [NR_MAC] I UE 21a6: Sync beam index 0
909.153022 [NR_MAC] I UE 21a6: Msg3 scheduled at 562.18 (562.13 TDA 1) start 0 RBs 8
909.153027 [NR_MAC] A UE 21a6: 562.13 Generating RA-Msg2 DCI, RA RNTI 0x10b, state 1, preamble_index(RAPID) 1, timing_offset = 11 (estimated distance 429.7 [m])
909.157021 [NR_MAC] I  563 1: RA RNTI a64f CC_id 0 Scheduling retransmission of Msg3 in (563,3)
909.162021 [NR_MAC] I  56311: RA RNTI 21a6 CC_id 0 Scheduling retransmission of Msg3 in (563,13)
909.162534 [NR_MAC] W UE a64f RA failed at state WAIT_Msg3 (Reached msg3 max harq rounds)
909.162540 [NR_MAC] I Remove NR rnti 0xa64f
909.169521 [NR_MAC] I  564 6: RA RNTI 21a6 CC_id 0 Scheduling retransmission of Msg3 in (564,8)
909.170547 [NR_MAC] A 563.19 UE RA-RNTI 010b TC-RNTI 5314: initiating RA procedure
909.170551 [NR_MAC] I UE 5314: Sync beam index 0
909.173022 [NR_MAC] I UE 5314: Msg3 scheduled at 564.18 (564.13 TDA 1) start 0 RBs 8
909.173024 [NR_MAC] A UE 5314: 564.13 Generating RA-Msg2 DCI, RA RNTI 0x10b, state 1, preamble_index(RAPID) 20, timing_offset = 47 (estimated distance 1836.0 [m])
909.177021 [NR_MAC] I  565 1: RA RNTI 21a6 CC_id 0 Scheduling retransmission of Msg3 in (565,3)
909.182021 [NR_MAC] I  56511: RA RNTI 5314 CC_id 0 Scheduling retransmission of Msg3 in (565,13)
909.182535 [NR_MAC] W UE 21a6 RA failed at state WAIT_Msg3 (Reached msg3 max harq rounds)
909.182541 [NR_MAC] I Remove NR rnti 0x21a6
909.189521 [NR_MAC] I  566 6: RA RNTI 5314 CC_id 0 Scheduling retransmission of Msg3 in (566,8)
909.197021 [NR_MAC] I  567 1: RA RNTI 5314 CC_id 0 Scheduling retransmission of Msg3 in (567,3)
909.202534 [NR_MAC] W UE 5314 RA failed at state WAIT_Msg3 (Reached msg3 max harq rounds)
909.202539 [NR_MAC] I Remove NR rnti 0x5314
909.270545 [NR_MAC] A 573.19 UE RA-RNTI 010b TC-RNTI 23bc: initiating RA procedure
909.270551 [NR_MAC] I UE 23bc: Sync beam index 0
909.273020 [NR_MAC] I UE 23bc: Msg3 scheduled at 574.18 (574.13 TDA 1) start 0 RBs 8
909.273026 [NR_MAC] A UE 23bc: 574.13 Generating RA-Msg2 DCI, RA RNTI 0x10b, state 1, preamble_index(RAPID) 7, timing_offset = 37 (estimated distance 1445.4 [m])
909.282019 [NR_MAC] I  57511: RA RNTI 23bc CC_id 0 Scheduling retransmission of Msg3 in (575,13)
909.289520 [NR_MAC] I  576 6: RA RNTI 23bc CC_id 0 Scheduling retransmission of Msg3 in (576,8)
909.297019 [NR_MAC] I  577 1: RA RNTI 23bc CC_id 0 Scheduling retransmission of Msg3 in (577,3)
909.302531 [NR_MAC] W UE 23bc RA failed at state WAIT_Msg3 (Reached msg3 max harq rounds)
909.302537 [NR_MAC] I Remove NR rnti 0x23bc
909.551483 [RLC]    E 46413 SDU rejected, SDU buffer full
909.926525 [NR_MAC] I Frame.Slot 640.0
UE RNTI d61c CU-UE-ID 1 in-sync PH 48 dB PCMAX 18 dBm
UE d61c: CQI 11, RI 4, PMI (4,1)
UE d61c: dlsch_rounds 8760/165/1/0, dlsch_errors 0, pucch0_DTX 0 (SNR 21.2+1.2 dB), BLER 0.01480 MCS (1) 19 CCE fail 2, goodput 0.68 Mbps
UE d61c: ulsch_rounds 1181/231/29/28, ulsch_errors 28, ulsch_DTX 113, BLER 0.95087 MCS (1) 0 (Qm 2 deltaMCS 0 dB) NPRB 5 SNR 22.1 (+2.1) dB CCE fail 0, goodput 0.01 Mbps
UE d61c: LCID 1: TX            657 RX            978 bytes
UE d61c: LCID 2: TX              0 RX              0 bytes
UE d61c: LCID 4: TX      378384156 RX         235665 bytes

910.170540 [NR_MAC] A 663.19 UE RA-RNTI 010b TC-RNTI 4a94: initiating RA procedure
910.170547 [NR_MAC] I UE 4a94: Sync beam index 0
910.173015 [NR_MAC] I UE 4a94: Msg3 scheduled at 664.18 (664.13 TDA 1) start 0 RBs 8
910.173019 [NR_MAC] A UE 4a94: 664.13 Generating RA-Msg2 DCI, RA RNTI 0x10b, state 1, preamble_index(RAPID) 53, timing_offset = 3 (estimated distance 117.2 [m])
910.182014 [NR_MAC] I  66511: RA RNTI 4a94 CC_id 0 Scheduling retransmission of Msg3 in (665,13)
910.189515 [NR_MAC] I  666 6: RA RNTI 4a94 CC_id 0 Scheduling retransmission of Msg3 in (666,8)
910.197015 [NR_MAC] I  667 1: RA RNTI 4a94 CC_id 0 Scheduling retransmission of Msg3 in (667,3)
910.202527 [NR_MAC] W UE 4a94 RA failed at state WAIT_Msg3 (Reached msg3 max harq rounds)
910.202532 [NR_MAC] I Remove NR rnti 0x4a94
910.270528 [NR_MAC] A 673.19 UE RA-RNTI 010b TC-RNTI dafc: initiating RA procedure
910.270534 [NR_MAC] I UE dafc: Sync beam index 0
910.273015 [NR_MAC] I UE dafc: Msg3 scheduled at 674.18 (674.13 TDA 1) start 0 RBs 8
910.273020 [NR_MAC] A UE dafc: 674.13 Generating RA-Msg2 DCI, RA RNTI 0x10b, state 1, preamble_index(RAPID) 18, timing_offset = 22 (estimated distance 859.4 [m])
910.282014 [NR_MAC] I  67511: RA RNTI dafc CC_id 0 Scheduling retransmission of Msg3 in (675,13)
910.289514 [NR_MAC] I  676 6: RA RNTI dafc CC_id 0 Scheduling retransmission of Msg3 in (676,8)
910.290540 [NR_MAC] A 675.19 UE RA-RNTI 010b TC-RNTI 3e70: initiating RA procedure
910.290545 [NR_MAC] I UE 3e70: Sync beam index 0
910.293015 [NR_MAC] I UE 3e70: Msg3 scheduled at 676.18 (676.13 TDA 1) start 0 RBs 8
910.293021 [NR_MAC] A UE 3e70: 676.13 Generating RA-Msg2 DCI, RA RNTI 0x10b, state 1, preamble_index(RAPID) 5, timing_offset = 6 (estimated distance 234.4 [m])
910.297015 [NR_MAC] I  677 1: RA RNTI dafc CC_id 0 Scheduling retransmission of Msg3 in (677,3)
910.302014 [NR_MAC] I  67711: RA RNTI 3e70 CC_id 0 Scheduling retransmission of Msg3 in (677,13)
910.302528 [NR_MAC] W UE dafc RA failed at state WAIT_Msg3 (Reached msg3 max harq rounds)
910.302534 [NR_MAC] I Remove NR rnti 0xdafc
910.309514 [NR_MAC] I  678 6: RA RNTI 3e70 CC_id 0 Scheduling retransmission of Msg3 in (678,8)
910.317015 [NR_MAC] I  679 1: RA RNTI 3e70 CC_id 0 Scheduling retransmission of Msg3 in (679,3)
910.322527 [NR_MAC] W UE 3e70 RA failed at state WAIT_Msg3 (Reached msg3 max harq rounds)
910.322533 [NR_MAC] I Remove NR rnti 0x3e70
910.552479 [RLC]    E 46410 SDU rejected, SDU buffer full
911.070538 [NR_MAC] A 753.19 UE RA-RNTI 010b TC-RNTI 9420: initiating RA procedure
911.070546 [NR_MAC] I UE 9420: Sync beam index 0
911.073014 [NR_MAC] I UE 9420: Msg3 scheduled at 754.18 (754.13 TDA 1) start 0 RBs 8
911.073019 [NR_MAC] A UE 9420: 754.13 Generating RA-Msg2 DCI, RA RNTI 0x10b, state 1, preamble_index(RAPID) 38, timing_offset = 48 (estimated distance 1875.1 [m])
911.082012 [NR_MAC] I  75511: RA RNTI 9420 CC_id 0 Scheduling retransmission of Msg3 in (755,13)
911.089512 [NR_MAC] I  756 6: RA RNTI 9420 CC_id 0 Scheduling retransmission of Msg3 in (756,8)
911.090538 [NR_MAC] A 755.19 UE RA-RNTI 010b TC-RNTI 1827: initiating RA procedure
911.090543 [NR_MAC] I UE 1827: Sync beam index 0
911.093013 [NR_MAC] I UE 1827: Msg3 scheduled at 756.18 (756.13 TDA 1) start 0 RBs 8
911.093019 [NR_MAC] A UE 1827: 756.13 Generating RA-Msg2 DCI, RA RNTI 0x10b, state 1, preamble_index(RAPID) 35, timing_offset = 32 (estimated distance 1250.1 [m])
911.097013 [NR_MAC] I  757 1: RA RNTI 9420 CC_id 0 Scheduling retransmission of Msg3 in (757,3)
911.102012 [NR_MAC] I  75711: RA RNTI 1827 CC_id 0 Scheduling retransmission of Msg3 in (757,13)
911.102526 [NR_MAC] W UE 9420 RA failed at state WAIT_Msg3 (Reached msg3 max harq rounds)
911.102531 [NR_MAC] I Remove NR rnti 0x9420
911.109513 [NR_MAC] I  758 6: RA RNTI 1827 CC_id 0 Scheduling retransmission of Msg3 in (758,8)
911.117013 [NR_MAC] I  759 1: RA RNTI 1827 CC_id 0 Scheduling retransmission of Msg3 in (759,3)
911.122526 [NR_MAC] W UE 1827 RA failed at state WAIT_Msg3 (Reached msg3 max harq rounds)
911.122531 [NR_MAC] I Remove NR rnti 0x1827
911.190538 [NR_MAC] A 765.19 UE RA-RNTI 010b TC-RNTI b289: initiating RA procedure
911.190544 [NR_MAC] I UE b289: Sync beam index 0
911.193014 [NR_MAC] I UE b289: Msg3 scheduled at 766.18 (766.13 TDA 1) start 0 RBs 8
911.193020 [NR_MAC] A UE b289: 766.13 Generating RA-Msg2 DCI, RA RNTI 0x10b, state 1, preamble_index(RAPID) 26, timing_offset = 0 (estimated distance 0.0 [m])
911.202012 [NR_MAC] I  76711: RA RNTI b289 CC_id 0 Scheduling retransmission of Msg3 in (767,13)
911.206520 [NR_MAC] I Frame.Slot 768.0
UE RNTI d61c CU-UE-ID 1 in-sync PH 48 dB PCMAX 18 dBm
UE d61c: CQI 11, RI 4, PMI (4,1)
UE d61c: dlsch_rounds 8760/165/1/0, dlsch_errors 0, pucch0_DTX 0 (SNR 21.2+1.2 dB), BLER 0.01480 MCS (1) 19 CCE fail 2, goodput 0.09 Mbps
UE d61c: ulsch_rounds 1192/242/40/39, ulsch_errors 39, ulsch_DTX 156, BLER 0.98458 MCS (1) 0 (Qm 2 deltaMCS 0 dB) NPRB 5 SNR 21.4 (+1.4) dB CCE fail 0, goodput 0.00 Mbps
UE d61c: LCID 1: TX            657 RX            978 bytes
UE d61c: LCID 2: TX              0 RX              0 bytes
UE d61c: LCID 4: TX      378384156 RX         235665 bytes

911.209513 [NR_MAC] I  768 6: RA RNTI b289 CC_id 0 Scheduling retransmission of Msg3 in (768,8)
911.210538 [NR_MAC] A 767.19 UE RA-RNTI 010b TC-RNTI 8998: initiating RA procedure
911.210544 [NR_MAC] I UE 8998: Sync beam index 0
911.213013 [NR_MAC] I UE 8998: Msg3 scheduled at 768.18 (768.13 TDA 1) start 0 RBs 8
911.213019 [NR_MAC] A UE 8998: 768.13 Generating RA-Msg2 DCI, RA RNTI 0x10b, state 1, preamble_index(RAPID) 16, timing_offset = 27 (estimated distance 1054.7 [m])
911.217013 [NR_MAC] I  769 1: RA RNTI b289 CC_id 0 Scheduling retransmission of Msg3 in (769,3)
911.222012 [NR_MAC] I  76911: RA RNTI 8998 CC_id 0 Scheduling retransmission of Msg3 in (769,13)
911.222526 [NR_MAC] W UE b289 RA failed at state WAIT_Msg3 (Reached msg3 max harq rounds)
911.222532 [NR_MAC] I Remove NR rnti 0xb289
911.229512 [NR_MAC] I  770 6: RA RNTI 8998 CC_id 0 Scheduling retransmission of Msg3 in (770,8)
911.237013 [NR_MAC] I  771 1: RA RNTI 8998 CC_id 0 Scheduling retransmission of Msg3 in (771,3)
911.242525 [NR_MAC] W UE 8998 RA failed at state WAIT_Msg3 (Reached msg3 max harq rounds)
911.242531 [NR_MAC] I Remove NR rnti 0x8998
911.553478 [RLC]    E 46411 SDU rejected, SDU buffer full
911.990526 [NR_MAC] A 845.19 UE RA-RNTI 010b TC-RNTI 7088: initiating RA procedure
911.990533 [NR_MAC] I UE 7088: Sync beam index 0
911.993013 [NR_MAC] I UE 7088: Msg3 scheduled at 846.18 (846.13 TDA 1) start 0 RBs 8
911.993019 [NR_MAC] A UE 7088: 846.13 Generating RA-Msg2 DCI, RA RNTI 0x10b, state 1, preamble_index(RAPID) 2, timing_offset = 59 (estimated distance 2304.8 [m])
912.002012 [NR_MAC] I  84711: RA RNTI 7088 CC_id 0 Scheduling retransmission of Msg3 in (847,13)
912.009513 [NR_MAC] I  848 6: RA RNTI 7088 CC_id 0 Scheduling retransmission of Msg3 in (848,8)
912.010538 [NR_MAC] A 847.19 UE RA-RNTI 010b TC-RNTI 5c7c: initiating RA procedure
912.010543 [NR_MAC] I UE 5c7c: Sync beam index 0
912.013013 [NR_MAC] I UE 5c7c: Msg3 scheduled at 848.18 (848.13 TDA 1) start 0 RBs 8
912.013018 [NR_MAC] A UE 5c7c: 848.13 Generating RA-Msg2 DCI, RA RNTI 0x10b, state 1, preamble_index(RAPID) 8, timing_offset = 52 (estimated distance 2031.3 [m])
912.017013 [NR_MAC] I  849 1: RA RNTI 7088 CC_id 0 Scheduling retransmission of Msg3 in (849,3)
912.022012 [NR_MAC] I  84911: RA RNTI 5c7c CC_id 0 Scheduling retransmission of Msg3 in (849,13)
912.022526 [NR_MAC] W UE 7088 RA failed at state WAIT_Msg3 (Reached msg3 max harq rounds)
912.022531 [NR_MAC] I Remove NR rnti 0x7088
912.029513 [NR_MAC] I  850 6: RA RNTI 5c7c CC_id 0 Scheduling retransmission of Msg3 in (850,8)
912.037013 [NR_MAC] I  851 1: RA RNTI 5c7c CC_id 0 Scheduling retransmission of Msg3 in (851,3)
912.042526 [NR_MAC] W UE 5c7c RA failed at state WAIT_Msg3 (Reached msg3 max harq rounds)
912.042531 [NR_MAC] I Remove NR rnti 0x5c7c
912.110526 [NR_MAC] A 857.19 UE RA-RNTI 010b TC-RNTI a0dc: initiating RA procedure
912.110532 [NR_MAC] I UE a0dc: Sync beam index 0
912.113013 [NR_MAC] I UE a0dc: Msg3 scheduled at 858.18 (858.13 TDA 1) start 0 RBs 8
912.113018 [NR_MAC] A UE a0dc: 858.13 Generating RA-Msg2 DCI, RA RNTI 0x10b, state 1, preamble_index(RAPID) 12, timing_offset = 0 (estimated distance 0.0 [m])
912.122012 [NR_MAC] I  85911: RA RNTI a0dc CC_id 0 Scheduling retransmission of Msg3 in (859,13)
912.129512 [NR_MAC] I  860 6: RA RNTI a0dc CC_id 0 Scheduling retransmission of Msg3 in (860,8)
912.130539 [NR_MAC] A 859.19 UE RA-RNTI 010b TC-RNTI 0763: initiating RA procedure
912.130544 [NR_MAC] I UE 0763: Sync beam index 0
912.133014 [NR_MAC] I UE 0763: Msg3 scheduled at 860.18 (860.13 TDA 1) start 0 RBs 8
912.133020 [NR_MAC] A UE 0763: 860.13 Generating RA-Msg2 DCI, RA RNTI 0x10b, state 1, preamble_index(RAPID) 44, timing_offset = 1 (estimated distance 39.1 [m])
912.137013 [NR_MAC] I  861 1: RA RNTI a0dc CC_id 0 Scheduling retransmission of Msg3 in (861,3)
912.142012 [NR_MAC] I  86111: RA RNTI 0763 CC_id 0 Scheduling retransmission of Msg3 in (861,13)
912.142526 [NR_MAC] W UE a0dc RA failed at state WAIT_Msg3 (Reached msg3 max harq rounds)
912.142531 [NR_MAC] I Remove NR rnti 0xa0dc
912.149513 [NR_MAC] I  862 6: RA RNTI 0763 CC_id 0 Scheduling retransmission of Msg3 in (862,8)
912.150538 [NR_MAC] A 861.19 UE RA-RNTI 010b TC-RNTI 1f08: initiating RA procedure
912.150544 [NR_MAC] I UE 1f08: Sync beam index 0
912.153013 [NR_MAC] I UE 1f08: Msg3 scheduled at 862.18 (862.13 TDA 1) start 0 RBs 8
912.153018 [NR_MAC] A UE 1f08: 862.13 Generating RA-Msg2 DCI, RA RNTI 0x10b, state 1, preamble_index(RAPID) 24, timing_offset = 23 (estimated distance 898.5 [m])
912.157012 [NR_MAC] I  863 1: RA RNTI 0763 CC_id 0 Scheduling retransmission of Msg3 in (863,3)
912.162012 [NR_MAC] I  86311: RA RNTI 1f08 CC_id 0 Scheduling retransmission of Msg3 in (863,13)
912.162526 [NR_MAC] W UE 0763 RA failed at state WAIT_Msg3 (Reached msg3 max harq rounds)
912.162532 [NR_MAC] I Remove NR rnti 0x0763
912.169512 [NR_MAC] I  864 6: RA RNTI 1f08 CC_id 0 Scheduling retransmission of Msg3 in (864,8)
912.170538 [NR_MAC] A 863.19 UE RA-RNTI 010b TC-RNTI 033f: initiating RA procedure
912.170540 [NR_MAC] I UE 033f: Sync beam index 0
912.173013 [NR_MAC] I UE 033f: Msg3 scheduled at 864.18 (864.13 TDA 1) start 0 RBs 8
912.173017 [NR_MAC] A UE 033f: 864.13 Generating RA-Msg2 DCI, RA RNTI 0x10b, state 1, preamble_index(RAPID) 22, timing_offset = 6 (estimated distance 234.4 [m])
912.177012 [NR_MAC] I  865 1: RA RNTI 1f08 CC_id 0 Scheduling retransmission of Msg3 in (865,3)
912.182012 [NR_MAC] I  86511: RA RNTI 033f CC_id 0 Scheduling retransmission of Msg3 in (865,13)
912.182526 [NR_MAC] W UE 1f08 RA failed at state WAIT_Msg3 (Reached msg3 max harq rounds)
912.182532 [NR_MAC] I Remove NR rnti 0x1f08
912.189512 [NR_MAC] I  866 6: RA RNTI 033f CC_id 0 Scheduling retransmission of Msg3 in (866,8)
912.197012 [NR_MAC] I  867 1: RA RNTI 033f CC_id 0 Scheduling retransmission of Msg3 in (867,3)
912.202526 [NR_MAC] W UE 033f RA failed at state WAIT_Msg3 (Reached msg3 max harq rounds)
912.202531 [NR_MAC] I Remove NR rnti 0x033f
912.486520 [NR_MAC] I Frame.Slot 896.0
UE RNTI d61c CU-UE-ID 1 in-sync PH 48 dB PCMAX 18 dBm
UE d61c: CQI 11, RI 4, PMI (4,1)
UE d61c: dlsch_rounds 8760/165/1/0, dlsch_errors 0, pucch0_DTX 0 (SNR 21.2+1.2 dB), BLER 0.01480 MCS (1) 19 CCE fail 2, goodput 0.01 Mbps
UE d61c: ulsch_rounds 1202/252/50/49, ulsch_errors 49, ulsch_DTX 193, BLER 0.99462 MCS (1) 0 (Qm 2 deltaMCS 0 dB) NPRB 23 SNR 21.0 (+1.0) dB CCE fail 0, goodput 0.00 Mbps
UE d61c: LCID 1: TX            657 RX            978 bytes
UE d61c: LCID 2: TX              0 RX              0 bytes
UE d61c: LCID 4: TX      378384156 RX         235665 bytes

912.554479 [RLC]    E 46414 SDU rejected, SDU buffer full
913.090538 [NR_MAC] A 955.19 UE RA-RNTI 010b TC-RNTI 2a7e: initiating RA procedure
913.090545 [NR_MAC] I UE 2a7e: Sync beam index 0
913.093013 [NR_MAC] I UE 2a7e: Msg3 scheduled at 956.18 (956.13 TDA 1) start 0 RBs 8
913.093019 [NR_MAC] A UE 2a7e: 956.13 Generating RA-Msg2 DCI, RA RNTI 0x10b, state 1, preamble_index(RAPID) 41, timing_offset = 23 (estimated distance 898.5 [m])
913.102012 [NR_MAC] I  95711: RA RNTI 2a7e CC_id 0 Scheduling retransmission of Msg3 in (957,13)
913.109513 [NR_MAC] I  958 6: RA RNTI 2a7e CC_id 0 Scheduling retransmission of Msg3 in (958,8)
913.117013 [NR_MAC] I  959 1: RA RNTI 2a7e CC_id 0 Scheduling retransmission of Msg3 in (959,3)
913.122525 [NR_MAC] W UE 2a7e RA failed at state WAIT_Msg3 (Reached msg3 max harq rounds)
913.122534 [NR_MAC] I Remove NR rnti 0x2a7e
913.190526 [NR_MAC] A 965.19 UE RA-RNTI 010b TC-RNTI b9ce: initiating RA procedure
913.190532 [NR_MAC] I UE b9ce: Sync beam index 0
913.193014 [NR_MAC] I UE b9ce: Msg3 scheduled at 966.18 (966.13 TDA 1) start 0 RBs 8
913.193019 [NR_MAC] A UE b9ce: 966.13 Generating RA-Msg2 DCI, RA RNTI 0x10b, state 1, preamble_index(RAPID) 51, timing_offset = 62 (estimated distance 2422.0 [m])
913.202012 [NR_MAC] I  96711: RA RNTI b9ce CC_id 0 Scheduling retransmission of Msg3 in (967,13)
913.209513 [NR_MAC] I  968 6: RA RNTI b9ce CC_id 0 Scheduling retransmission of Msg3 in (968,8)
913.217013 [NR_MAC] I  969 1: RA RNTI b9ce CC_id 0 Scheduling retransmission of Msg3 in (969,3)
913.222526 [NR_MAC] W UE b9ce RA failed at state WAIT_Msg3 (Reached msg3 max harq rounds)
913.222532 [NR_MAC] I Remove NR rnti 0xb9ce
913.290539 [NR_MAC] A 975.19 UE RA-RNTI 010b TC-RNTI 11cb: initiating RA procedure
913.290544 [NR_MAC] I UE 11cb: Sync beam index 0
913.293013 [NR_MAC] I UE 11cb: Msg3 scheduled at 976.18 (976.13 TDA 1) start 0 RBs 8
913.293019 [NR_MAC] A UE 11cb: 976.13 Generating RA-Msg2 DCI, RA RNTI 0x10b, state 1, preamble_index(RAPID) 51, timing_offset = 0 (estimated distance 0.0 [m])
913.302012 [NR_MAC] I  97711: RA RNTI 11cb CC_id 0 Scheduling retransmission of Msg3 in (977,13)
913.309512 [NR_MAC] I  978 6: RA RNTI 11cb CC_id 0 Scheduling retransmission of Msg3 in (978,8)
913.317013 [NR_MAC] I  979 1: RA RNTI 11cb CC_id 0 Scheduling retransmission of Msg3 in (979,3)
913.322525 [NR_MAC] W UE 11cb RA failed at state WAIT_Msg3 (Reached msg3 max harq rounds)
913.322531 [NR_MAC] I Remove NR rnti 0x11cb
913.555481 [RLC]    E 46412 SDU rejected, SDU buffer full
913.766522 [NR_MAC] I Frame.Slot 0.0
UE RNTI d61c CU-UE-ID 1 in-sync PH 48 dB PCMAX 18 dBm
UE d61c: CQI 11, RI 4, PMI (4,1)
UE d61c: dlsch_rounds 8760/165/1/0, dlsch_errors 0, pucch0_DTX 0 (SNR 21.2+1.2 dB), BLER 0.01480 MCS (1) 19 CCE fail 2, goodput 0.00 Mbps
UE d61c: ulsch_rounds 1213/263/61/60, ulsch_errors 60, ulsch_DTX 234, BLER 0.99831 MCS (1) 0 (Qm 2 deltaMCS 0 dB) NPRB 23 SNR 20.3 (+0.3) dB CCE fail 0, goodput 0.00 Mbps
UE d61c: LCID 1: TX            657 RX            978 bytes
UE d61c: LCID 2: TX              0 RX              0 bytes
UE d61c: LCID 4: TX      378384156 RX         235665 bytes

913.870526 [NR_MAC] A 9.19 UE RA-RNTI 010b TC-RNTI 8a5e: initiating RA procedure
913.870533 [NR_MAC] I UE 8a5e: Sync beam index 0
913.873013 [NR_MAC] I UE 8a5e: Msg3 scheduled at 10.18 (10.13 TDA 1) start 0 RBs 8
913.873019 [NR_MAC] A UE 8a5e: 10.13 Generating RA-Msg2 DCI, RA RNTI 0x10b, state 1, preamble_index(RAPID) 51, timing_offset = 62 (estimated distance 2422.0 [m])
913.882012 [NR_MAC] I   1111: RA RNTI 8a5e CC_id 0 Scheduling retransmission of Msg3 in (11,13)
913.889513 [NR_MAC] I   12 6: RA RNTI 8a5e CC_id 0 Scheduling retransmission of Msg3 in (12,8)
913.897013 [NR_MAC] I   13 1: RA RNTI 8a5e CC_id 0 Scheduling retransmission of Msg3 in (13,3)
913.902526 [NR_MAC] W UE 8a5e RA failed at state WAIT_Msg3 (Reached msg3 max harq rounds)
913.902531 [NR_MAC] I Remove NR rnti 0x8a5e
913.970538 [NR_MAC] A 19.19 UE RA-RNTI 010b TC-RNTI 8ab1: initiating RA procedure
913.970543 [NR_MAC] I UE 8ab1: Sync beam index 0
913.973014 [NR_MAC] I UE 8ab1: Msg3 scheduled at 20.18 (20.13 TDA 1) start 0 RBs 8
913.973018 [NR_MAC] A UE 8ab1: 20.13 Generating RA-Msg2 DCI, RA RNTI 0x10b, state 1, preamble_index(RAPID) 45, timing_offset = 42 (estimated distance 1640.7 [m])
913.982012 [NR_MAC] I   2111: RA RNTI 8ab1 CC_id 0 Scheduling retransmission of Msg3 in (21,13)
913.989524 [NR_MAC] I   22 6: RA RNTI 8ab1 CC_id 0 Scheduling retransmission of Msg3 in (22,8)
913.997012 [NR_MAC] I   23 1: RA RNTI 8ab1 CC_id 0 Scheduling retransmission of Msg3 in (23,3)
914.002525 [NR_MAC] W UE 8ab1 RA failed at state WAIT_Msg3 (Reached msg3 max harq rounds)
914.002530 [NR_MAC] I Remove NR rnti 0x8ab1
914.510526 [NR_MAC] A 73.19 UE RA-RNTI 010b TC-RNTI e69e: initiating RA procedure
914.510533 [NR_MAC] I UE e69e: Sync beam index 0
914.513013 [NR_MAC] I UE e69e: Msg3 scheduled at 74.18 (74.13 TDA 1) start 0 RBs 8
914.513018 [NR_MAC] A UE e69e: 74.13 Generating RA-Msg2 DCI, RA RNTI 0x10b, state 1, preamble_index(RAPID) 33, timing_offset = 35 (estimated distance 1367.2 [m])
914.522012 [NR_MAC] I   7511: RA RNTI e69e CC_id 0 Scheduling retransmission of Msg3 in (75,13)
914.529513 [NR_MAC] I   76 6: RA RNTI e69e CC_id 0 Scheduling retransmission of Msg3 in (76,8)
914.530538 [NR_MAC] A 75.19 UE RA-RNTI 010b TC-RNTI 31b5: initiating RA procedure
914.530543 [NR_MAC] I UE 31b5: Sync beam index 0
914.533014 [NR_MAC] I UE 31b5: Msg3 scheduled at 76.18 (76.13 TDA 1) start 0 RBs 8
914.533019 [NR_MAC] A UE 31b5: 76.13 Generating RA-Msg2 DCI, RA RNTI 0x10b, state 1, preamble_index(RAPID) 14, timing_offset = 57 (estimated distance 2226.7 [m])
914.537013 [NR_MAC] I   77 1: RA RNTI e69e CC_id 0 Scheduling retransmission of Msg3 in (77,3)
914.542012 [NR_MAC] I   7711: RA RNTI 31b5 CC_id 0 Scheduling retransmission of Msg3 in (77,13)
914.542526 [NR_MAC] W UE e69e RA failed at state WAIT_Msg3 (Reached msg3 max harq rounds)
914.542532 [NR_MAC] I Remove NR rnti 0xe69e
914.549512 [NR_MAC] I   78 6: RA RNTI 31b5 CC_id 0 Scheduling retransmission of Msg3 in (78,8)
914.556503 [RLC]    E 46414 SDU rejected, SDU buffer full
914.557013 [NR_MAC] I   79 1: RA RNTI 31b5 CC_id 0 Scheduling retransmission of Msg3 in (79,3)
914.562526 [NR_MAC] W UE 31b5 RA failed at state WAIT_Msg3 (Reached msg3 max harq rounds)
914.562532 [NR_MAC] I Remove NR rnti 0x31b5
914.630526 [NR_MAC] A 85.19 UE RA-RNTI 010b TC-RNTI 1e44: initiating RA procedure
914.630530 [NR_MAC] I UE 1e44: Sync beam index 0
914.633013 [NR_MAC] I UE 1e44: Msg3 scheduled at 86.18 (86.13 TDA 1) start 0 RBs 8
914.633018 [NR_MAC] A UE 1e44: 86.13 Generating RA-Msg2 DCI, RA RNTI 0x10b, state 1, preamble_index(RAPID) 53, timing_offset = 0 (estimated distance 0.0 [m])
914.642012 [NR_MAC] I   8711: RA RNTI 1e44 CC_id 0 Scheduling retransmission of Msg3 in (87,13)
914.649512 [NR_MAC] I   88 6: RA RNTI 1e44 CC_id 0 Scheduling retransmission of Msg3 in (88,8)
914.650538 [NR_MAC] A 87.19 UE RA-RNTI 010b TC-RNTI eace: initiating RA procedure
914.650543 [NR_MAC] I UE eace: Sync beam index 0
914.653013 [NR_MAC] I UE eace: Msg3 scheduled at 88.18 (88.13 TDA 1) start 0 RBs 8
914.653018 [NR_MAC] A UE eace: 88.13 Generating RA-Msg2 DCI, RA RNTI 0x10b, state 1, preamble_index(RAPID) 12, timing_offset = 0 (estimated distance 0.0 [m])
914.657013 [NR_MAC] I   89 1: RA RNTI 1e44 CC_id 0 Scheduling retransmission of Msg3 in (89,3)
914.662012 [NR_MAC] I   8911: RA RNTI eace CC_id 0 Scheduling retransmission of Msg3 in (89,13)
914.662525 [NR_MAC] W UE 1e44 RA failed at state WAIT_Msg3 (Reached msg3 max harq rounds)
914.662531 [NR_MAC] I Remove NR rnti 0x1e44
914.669512 [NR_MAC] I   90 6: RA RNTI eace CC_id 0 Scheduling retransmission of Msg3 in (90,8)
914.671026 [NR_MAC] A 89.19 UE RA-RNTI 010b TC-RNTI a80f: initiating RA procedure
914.671030 [NR_MAC] I UE a80f: Sync beam index 0
914.673013 [NR_MAC] I UE a80f: Msg3 scheduled at 90.18 (90.13 TDA 1) start 0 RBs 8
914.673018 [NR_MAC] A UE a80f: 90.13 Generating RA-Msg2 DCI, RA RNTI 0x10b, state 1, preamble_index(RAPID) 15, timing_offset = 15 (estimated distance 586.0 [m])
914.677012 [NR_MAC] I   91 1: RA RNTI eace CC_id 0 Scheduling retransmission of Msg3 in (91,3)
914.682012 [NR_MAC] I   9111: RA RNTI a80f CC_id 0 Scheduling retransmission of Msg3 in (91,13)
914.682526 [NR_MAC] W UE eace RA failed at state WAIT_Msg3 (Reached msg3 max harq rounds)
914.682531 [NR_MAC] I Remove NR rnti 0xeace
914.689512 [NR_MAC] I   92 6: RA RNTI a80f CC_id 0 Scheduling retransmission of Msg3 in (92,8)
914.690538 [NR_MAC] A 91.19 UE RA-RNTI 010b TC-RNTI c5e2: initiating RA procedure
914.690544 [NR_MAC] I UE c5e2: Sync beam index 0
914.693013 [NR_MAC] I UE c5e2: Msg3 scheduled at 92.18 (92.13 TDA 1) start 0 RBs 8
914.693018 [NR_MAC] A UE c5e2: 92.13 Generating RA-Msg2 DCI, RA RNTI 0x10b, state 1, preamble_index(RAPID) 37, timing_offset = 10 (estimated distance 390.6 [m])
914.697012 [NR_MAC] I   93 1: RA RNTI a80f CC_id 0 Scheduling retransmission of Msg3 in (93,3)
914.702012 [NR_MAC] I   9311: RA RNTI c5e2 CC_id 0 Scheduling retransmission of Msg3 in (93,13)
914.702526 [NR_MAC] W UE a80f RA failed at state WAIT_Msg3 (Reached msg3 max harq rounds)
914.702531 [NR_MAC] I Remove NR rnti 0xa80f
914.709513 [NR_MAC] I   94 6: RA RNTI c5e2 CC_id 0 Scheduling retransmission of Msg3 in (94,8)
914.717013 [NR_MAC] I   95 1: RA RNTI c5e2 CC_id 0 Scheduling retransmission of Msg3 in (95,3)
914.722525 [NR_MAC] W UE c5e2 RA failed at state WAIT_Msg3 (Reached msg3 max harq rounds)
914.722531 [NR_MAC] I Remove NR rnti 0xc5e2
915.046522 [NR_MAC] I Frame.Slot 128.0
UE RNTI d61c CU-UE-ID 1 in-sync PH 48 dB PCMAX 18 dBm
UE d61c: CQI 11, RI 4, PMI (4,1)
UE d61c: dlsch_rounds 8760/165/1/0, dlsch_errors 0, pucch0_DTX 0 (SNR 21.2+1.2 dB), BLER 0.01480 MCS (1) 19 CCE fail 2, goodput 0.00 Mbps
UE d61c: ulsch_rounds 1224/274/72/71, ulsch_errors 71, ulsch_DTX 275, BLER 0.99947 MCS (1) 0 (Qm 2 deltaMCS 0 dB) NPRB 23 SNR 19.9 (-0.1) dB CCE fail 0, goodput 0.00 Mbps
UE d61c: LCID 1: TX            657 RX            978 bytes
UE d61c: LCID 2: TX              0 RX              0 bytes
UE d61c: LCID 4: TX      378384156 RX         235665 bytes

915.557476 [RLC]    E 46406 SDU rejected, SDU buffer full
915.650539 [NR_MAC] A 187.19 UE RA-RNTI 010b TC-RNTI a9b4: initiating RA procedure
915.650546 [NR_MAC] I UE a9b4: Sync beam index 0
915.653014 [NR_MAC] I UE a9b4: Msg3 scheduled at 188.18 (188.13 TDA 1) start 0 RBs 8
915.653019 [NR_MAC] A UE a9b4: 188.13 Generating RA-Msg2 DCI, RA RNTI 0x10b, state 1, preamble_index(RAPID) 30, timing_offset = 26 (estimated distance 1015.7 [m])
915.662013 [NR_MAC] I  18911: RA RNTI a9b4 CC_id 0 Scheduling retransmission of Msg3 in (189,13)
915.669513 [NR_MAC] I  190 6: RA RNTI a9b4 CC_id 0 Scheduling retransmission of Msg3 in (190,8)
915.677014 [NR_MAC] I  191 1: RA RNTI a9b4 CC_id 0 Scheduling retransmission of Msg3 in (191,3)
915.682526 [NR_MAC] W UE a9b4 RA failed at state WAIT_Msg3 (Reached msg3 max harq rounds)
915.682532 [NR_MAC] I Remove NR rnti 0xa9b4
915.760527 [NR_MAC] A 198.19 UE RA-RNTI 010b TC-RNTI 820a: initiating RA procedure
915.760533 [NR_MAC] I UE 820a: Sync beam index 0
915.763014 [NR_MAC] I UE 820a: Msg3 scheduled at 199.18 (199.13 TDA 1) start 0 RBs 8
915.763019 [NR_MAC] A UE 820a: 199.13 Generating RA-Msg2 DCI, RA RNTI 0x10b, state 1, preamble_index(RAPID) 9, timing_offset = 52 (estimated distance 2031.3 [m])
915.772014 [NR_MAC] I  20011: RA RNTI 820a CC_id 0 Scheduling retransmission of Msg3 in (200,13)
915.779512 [NR_MAC] I  201 6: RA RNTI 820a CC_id 0 Scheduling retransmission of Msg3 in (201,8)
915.787012 [NR_MAC] I  202 1: RA RNTI 820a CC_id 0 Scheduling retransmission of Msg3 in (202,3)
915.792526 [NR_MAC] W UE 820a RA failed at state WAIT_Msg3 (Reached msg3 max harq rounds)
915.792532 [NR_MAC] I Remove NR rnti 0x820a
916.326522 [NR_MAC] I Frame.Slot 256.0
UE RNTI d61c CU-UE-ID 1 in-sync PH 48 dB PCMAX 18 dBm
UE d61c: CQI 11, RI 4, PMI (4,1)
UE d61c: dlsch_rounds 8760/165/1/0, dlsch_errors 0, pucch0_DTX 0 (SNR 21.2+1.2 dB), BLER 0.01480 MCS (1) 19 CCE fail 2, goodput 0.00 Mbps
UE d61c: ulsch_rounds 1234/284/82/81, ulsch_errors 81, ulsch_DTX 315, BLER 0.99982 MCS (1) 0 (Qm 2 deltaMCS 0 dB) NPRB 23 SNR 19.9 (-0.1) dB CCE fail 0, goodput 0.00 Mbps
UE d61c: LCID 1: TX            657 RX            978 bytes
UE d61c: LCID 2: TX              0 RX              0 bytes
UE d61c: LCID 4: TX      378384156 RX         235665 bytes

916.558479 [RLC]    E 46411 SDU rejected, SDU buffer full
917.210539 [NR_MAC] A 343.19 UE RA-RNTI 010b TC-RNTI 09c1: initiating RA procedure
917.210546 [NR_MAC] I UE 09c1: Sync beam index 0
917.213013 [NR_MAC] I UE 09c1: Msg3 scheduled at 344.18 (344.13 TDA 1) start 0 RBs 8
917.213019 [NR_MAC] A UE 09c1: 344.13 Generating RA-Msg2 DCI, RA RNTI 0x10b, state 1, preamble_index(RAPID) 9, timing_offset = 44 (estimated distance 1718.8 [m])
917.222012 [NR_MAC] I  34511: RA RNTI 09c1 CC_id 0 Scheduling retransmission of Msg3 in (345,13)
917.229523 [NR_MAC] I  346 6: RA RNTI 09c1 CC_id 0 Scheduling retransmission of Msg3 in (346,8)
917.237013 [NR_MAC] I  347 1: RA RNTI 09c1 CC_id 0 Scheduling retransmission of Msg3 in (347,3)
917.242525 [NR_MAC] W UE 09c1 RA failed at state WAIT_Msg3 (Reached msg3 max harq rounds)
917.242532 [NR_MAC] I Remove NR rnti 0x09c1
917.310551 [NR_MAC] A 353.19 UE RA-RNTI 010b TC-RNTI c9dc: initiating RA procedure
917.310556 [NR_MAC] I UE c9dc: Sync beam index 0
917.313013 [NR_MAC] I UE c9dc: Msg3 scheduled at 354.18 (354.13 TDA 1) start 0 RBs 8
917.313017 [NR_MAC] A UE c9dc: 354.13 Generating RA-Msg2 DCI, RA RNTI 0x10b, state 1, preamble_index(RAPID) 1, timing_offset = 14 (estimated distance 546.9 [m])
917.322012 [NR_MAC] I  35511: RA RNTI c9dc CC_id 0 Scheduling retransmission of Msg3 in (355,13)
917.329512 [NR_MAC] I  356 6: RA RNTI c9dc CC_id 0 Scheduling retransmission of Msg3 in (356,8)
917.337012 [NR_MAC] I  357 1: RA RNTI c9dc CC_id 0 Scheduling retransmission of Msg3 in (357,3)
917.342526 [NR_MAC] W UE c9dc RA failed at state WAIT_Msg3 (Reached msg3 max harq rounds)
917.342531 [NR_MAC] I Remove NR rnti 0xc9dc
917.410539 [NR_MAC] A 363.19 UE RA-RNTI 010b TC-RNTI 7833: initiating RA procedure
917.410545 [NR_MAC] I UE 7833: Sync beam index 0
917.413013 [NR_MAC] I UE 7833: Msg3 scheduled at 364.18 (364.13 TDA 1) start 0 RBs 8
917.413019 [NR_MAC] A UE 7833: 364.13 Generating RA-Msg2 DCI, RA RNTI 0x10b, state 1, preamble_index(RAPID) 16, timing_offset = 0 (estimated distance 0.0 [m])
917.422012 [NR_MAC] I  36511: RA RNTI 7833 CC_id 0 Scheduling retransmission of Msg3 in (365,13)
917.429512 [NR_MAC] I  366 6: RA RNTI 7833 CC_id 0 Scheduling retransmission of Msg3 in (366,8)
917.437012 [NR_MAC] I  367 1: RA RNTI 7833 CC_id 0 Scheduling retransmission of Msg3 in (367,3)
917.442525 [NR_MAC] W UE 7833 RA failed at state WAIT_Msg3 (Reached msg3 max harq rounds)
917.442531 [NR_MAC] I Remove NR rnti 0x7833
917.559478 [RLC]    E 46412 SDU rejected, SDU buffer full
917.606522 [NR_MAC] I Frame.Slot 384.0
UE RNTI d61c CU-UE-ID 1 in-sync PH 48 dB PCMAX 18 dBm
UE d61c: CQI 11, RI 4, PMI (4,1)
UE d61c: dlsch_rounds 8760/165/1/0, dlsch_errors 0, pucch0_DTX 0 (SNR 21.2+1.2 dB), BLER 0.01480 MCS (1) 19 CCE fail 2, goodput 0.00 Mbps
UE d61c: ulsch_rounds 1245/295/93/92, ulsch_errors 92, ulsch_DTX 359, BLER 0.99994 MCS (1) 0 (Qm 2 deltaMCS 0 dB) NPRB 23 SNR 19.9 (-0.1) dB CCE fail 0, goodput 0.00 Mbps
UE d61c: LCID 1: TX            657 RX            978 bytes
UE d61c: LCID 2: TX              0 RX              0 bytes
UE d61c: LCID 4: TX      378384156 RX         235665 bytes

917.830527 [NR_MAC] A 405.19 UE RA-RNTI 010b TC-RNTI ef51: initiating RA procedure
917.830533 [NR_MAC] I UE ef51: Sync beam index 0
917.833014 [NR_MAC] I UE ef51: Msg3 scheduled at 406.18 (406.13 TDA 1) start 0 RBs 8
917.833019 [NR_MAC] A UE ef51: 406.13 Generating RA-Msg2 DCI, RA RNTI 0x10b, state 1, preamble_index(RAPID) 14, timing_offset = 48 (estimated distance 1875.1 [m])
917.842014 [NR_MAC] I  40711: RA RNTI ef51 CC_id 0 Scheduling retransmission of Msg3 in (407,13)
917.849514 [NR_MAC] I  408 6: RA RNTI ef51 CC_id 0 Scheduling retransmission of Msg3 in (408,8)
917.857013 [NR_MAC] I  409 1: RA RNTI ef51 CC_id 0 Scheduling retransmission of Msg3 in (409,3)
917.862527 [NR_MAC] W UE ef51 RA failed at state WAIT_Msg3 (Reached msg3 max harq rounds)
917.862532 [NR_MAC] I Remove NR rnti 0xef51
917.930539 [NR_MAC] A 415.19 UE RA-RNTI 010b TC-RNTI 337d: initiating RA procedure
917.930545 [NR_MAC] I UE 337d: Sync beam index 0
917.933014 [NR_MAC] I UE 337d: Msg3 scheduled at 416.18 (416.13 TDA 1) start 0 RBs 8
917.933020 [NR_MAC] A UE 337d: 416.13 Generating RA-Msg2 DCI, RA RNTI 0x10b, state 1, preamble_index(RAPID) 14, timing_offset = 48 (estimated distance 1875.1 [m])
917.942013 [NR_MAC] I  41711: RA RNTI 337d CC_id 0 Scheduling retransmission of Msg3 in (417,13)
917.949514 [NR_MAC] I  418 6: RA RNTI 337d CC_id 0 Scheduling retransmission of Msg3 in (418,8)
917.957014 [NR_MAC] I  419 1: RA RNTI 337d CC_id 0 Scheduling retransmission of Msg3 in (419,3)
917.962527 [NR_MAC] W UE 337d RA failed at state WAIT_Msg3 (Reached msg3 max harq rounds)
917.962532 [NR_MAC] I Remove NR rnti 0x337d
918.290539 [NR_MAC] A 451.19 UE RA-RNTI 010b TC-RNTI 1f8b: initiating RA procedure
918.290546 [NR_MAC] I UE 1f8b: Sync beam index 0
918.293015 [NR_MAC] I UE 1f8b: Msg3 scheduled at 452.18 (452.13 TDA 1) start 0 RBs 8
918.293018 [NR_MAC] A UE 1f8b: 452.13 Generating RA-Msg2 DCI, RA RNTI 0x10b, state 1, preamble_index(RAPID) 54, timing_offset = 24 (estimated distance 937.5 [m])
918.302013 [NR_MAC] I  45311: RA RNTI 1f8b CC_id 0 Scheduling retransmission of Msg3 in (453,13)
918.309514 [NR_MAC] I  454 6: RA RNTI 1f8b CC_id 0 Scheduling retransmission of Msg3 in (454,8)
918.317013 [NR_MAC] I  455 1: RA RNTI 1f8b CC_id 0 Scheduling retransmission of Msg3 in (455,3)
918.322527 [NR_MAC] W UE 1f8b RA failed at state WAIT_Msg3 (Reached msg3 max harq rounds)
918.322533 [NR_MAC] I Remove NR rnti 0x1f8b
918.390540 [NR_MAC] A 461.19 UE RA-RNTI 010b TC-RNTI 2658: initiating RA procedure
918.390545 [NR_MAC] I UE 2658: Sync beam index 0
918.393014 [NR_MAC] I UE 2658: Msg3 scheduled at 462.18 (462.13 TDA 1) start 0 RBs 8
918.393019 [NR_MAC] A UE 2658: 462.13 Generating RA-Msg2 DCI, RA RNTI 0x10b, state 1, preamble_index(RAPID) 36, timing_offset = 47 (estimated distance 1836.0 [m])
918.402013 [NR_MAC] I  46311: RA RNTI 2658 CC_id 0 Scheduling retransmission of Msg3 in (463,13)
918.409513 [NR_MAC] I  464 6: RA RNTI 2658 CC_id 0 Scheduling retransmission of Msg3 in (464,8)
918.410539 [NR_MAC] A 463.19 UE RA-RNTI 010b TC-RNTI d720: initiating RA procedure
918.410545 [NR_MAC] I UE d720: Sync beam index 0
918.413014 [NR_MAC] I UE d720: Msg3 scheduled at 464.18 (464.13 TDA 1) start 0 RBs 8
918.413019 [NR_MAC] A UE d720: 464.13 Generating RA-Msg2 DCI, RA RNTI 0x10b, state 1, preamble_index(RAPID) 30, timing_offset = 0 (estimated distance 0.0 [m])
918.417014 [NR_MAC] I  465 1: RA RNTI 2658 CC_id 0 Scheduling retransmission of Msg3 in (465,3)
918.422013 [NR_MAC] I  46511: RA RNTI d720 CC_id 0 Scheduling retransmission of Msg3 in (465,13)
918.422527 [NR_MAC] W UE 2658 RA failed at state WAIT_Msg3 (Reached msg3 max harq rounds)
918.422532 [NR_MAC] I Remove NR rnti 0x2658
918.429513 [NR_MAC] I  466 6: RA RNTI d720 CC_id 0 Scheduling retransmission of Msg3 in (466,8)
918.430539 [NR_MAC] A 465.19 UE RA-RNTI 010b TC-RNTI 6fb6: initiating RA procedure
918.430544 [NR_MAC] I UE 6fb6: Sync beam index 0
918.433014 [NR_MAC] I UE 6fb6: Msg3 scheduled at 466.18 (466.13 TDA 1) start 0 RBs 8
918.433019 [NR_MAC] A UE 6fb6: 466.13 Generating RA-Msg2 DCI, RA RNTI 0x10b, state 1, preamble_index(RAPID) 22, timing_offset = 0 (estimated distance 0.0 [m])
918.437014 [NR_MAC] I  467 1: RA RNTI d720 CC_id 0 Scheduling retransmission of Msg3 in (467,3)
918.442013 [NR_MAC] I  46711: RA RNTI 6fb6 CC_id 0 Scheduling retransmission of Msg3 in (467,13)
918.442527 [NR_MAC] W UE d720 RA failed at state WAIT_Msg3 (Reached msg3 max harq rounds)
918.442533 [NR_MAC] I Remove NR rnti 0xd720
918.449513 [NR_MAC] I  468 6: RA RNTI 6fb6 CC_id 0 Scheduling retransmission of Msg3 in (468,8)
918.457014 [NR_MAC] I  469 1: RA RNTI 6fb6 CC_id 0 Scheduling retransmission of Msg3 in (469,3)
918.462527 [NR_MAC] W UE 6fb6 RA failed at state WAIT_Msg3 (Reached msg3 max harq rounds)
918.462532 [NR_MAC] I Remove NR rnti 0x6fb6
918.560477 [RLC]    E 46411 SDU rejected, SDU buffer full
918.886523 [NR_MAC] I Frame.Slot 512.0
UE RNTI d61c CU-UE-ID 1 in-sync PH 48 dB PCMAX 18 dBm
UE d61c: CQI 11, RI 4, PMI (4,1)
UE d61c: dlsch_rounds 8760/165/1/0, dlsch_errors 0, pucch0_DTX 0 (SNR 21.2+1.2 dB), BLER 0.01480 MCS (1) 19 CCE fail 2, goodput 0.00 Mbps
UE d61c: ulsch_rounds 1256/306/104/103, ulsch_errors 103, ulsch_DTX 403, BLER 0.99998 MCS (1) 0 (Qm 2 deltaMCS 0 dB) NPRB 23 SNR 19.9 (-0.1) dB CCE fail 0, goodput 0.00 Mbps
UE d61c: LCID 1: TX            657 RX            978 bytes
UE d61c: LCID 2: TX              0 RX              0 bytes
UE d61c: LCID 4: TX      378384156 RX         235665 bytes

919.070528 [NR_MAC] A 529.19 UE RA-RNTI 010b TC-RNTI b2e5: initiating RA procedure
919.070533 [NR_MAC] I UE b2e5: Sync beam index 0
919.073014 [NR_MAC] I UE b2e5: Msg3 scheduled at 530.18 (530.13 TDA 1) start 0 RBs 8
919.073021 [NR_MAC] A UE b2e5: 530.13 Generating RA-Msg2 DCI, RA RNTI 0x10b, state 1, preamble_index(RAPID) 30, timing_offset = 34 (estimated distance 1328.2 [m])
919.082013 [NR_MAC] I  53111: RA RNTI b2e5 CC_id 0 Scheduling retransmission of Msg3 in (531,13)
919.089514 [NR_MAC] I  532 6: RA RNTI b2e5 CC_id 0 Scheduling retransmission of Msg3 in (532,8)
919.097013 [NR_MAC] I  533 1: RA RNTI b2e5 CC_id 0 Scheduling retransmission of Msg3 in (533,3)
919.102527 [NR_MAC] W UE b2e5 RA failed at state WAIT_Msg3 (Reached msg3 max harq rounds)
919.102533 [NR_MAC] I Remove NR rnti 0xb2e5
919.170539 [NR_MAC] A 539.19 UE RA-RNTI 010b TC-RNTI 9501: initiating RA procedure
919.170544 [NR_MAC] I UE 9501: Sync beam index 0
919.173014 [NR_MAC] I UE 9501: Msg3 scheduled at 540.18 (540.13 TDA 1) start 0 RBs 8
919.173018 [NR_MAC] A UE 9501: 540.13 Generating RA-Msg2 DCI, RA RNTI 0x10b, state 1, preamble_index(RAPID) 35, timing_offset = 32 (estimated distance 1250.1 [m])
919.182013 [NR_MAC] I  54111: RA RNTI 9501 CC_id 0 Scheduling retransmission of Msg3 in (541,13)
919.189513 [NR_MAC] I  542 6: RA RNTI 9501 CC_id 0 Scheduling retransmission of Msg3 in (542,8)
919.197013 [NR_MAC] I  543 1: RA RNTI 9501 CC_id 0 Scheduling retransmission of Msg3 in (543,3)
919.202526 [NR_MAC] W UE 9501 RA failed at state WAIT_Msg3 (Reached msg3 max harq rounds)
919.202532 [NR_MAC] I Remove NR rnti 0x9501
919.270527 [NR_MAC] A 549.19 UE RA-RNTI 010b TC-RNTI 6760: initiating RA procedure
919.270533 [NR_MAC] I UE 6760: Sync beam index 0
919.273014 [NR_MAC] I UE 6760: Msg3 scheduled at 550.18 (550.13 TDA 1) start 0 RBs 8
919.273019 [NR_MAC] A UE 6760: 550.13 Generating RA-Msg2 DCI, RA RNTI 0x10b, state 1, preamble_index(RAPID) 8, timing_offset = 0 (estimated distance 0.0 [m])
919.282013 [NR_MAC] I  55111: RA RNTI 6760 CC_id 0 Scheduling retransmission of Msg3 in (551,13)
919.289513 [NR_MAC] I  552 6: RA RNTI 6760 CC_id 0 Scheduling retransmission of Msg3 in (552,8)
919.290540 [NR_MAC] A 551.19 UE RA-RNTI 010b TC-RNTI 3318: initiating RA procedure
919.290545 [NR_MAC] I UE 3318: Sync beam index 0
919.293014 [NR_MAC] I UE 3318: Msg3 scheduled at 552.18 (552.13 TDA 1) start 0 RBs 8
919.293020 [NR_MAC] A UE 3318: 552.13 Generating RA-Msg2 DCI, RA RNTI 0x10b, state 1, preamble_index(RAPID) 44, timing_offset = 3 (estimated distance 117.2 [m])
919.297013 [NR_MAC] I  553 1: RA RNTI 6760 CC_id 0 Scheduling retransmission of Msg3 in (553,3)
919.302013 [NR_MAC] I  55311: RA RNTI 3318 CC_id 0 Scheduling retransmission of Msg3 in (553,13)
919.302527 [NR_MAC] W UE 6760 RA failed at state WAIT_Msg3 (Reached msg3 max harq rounds)
919.302533 [NR_MAC] I Remove NR rnti 0x6760
919.309514 [NR_MAC] I  554 6: RA RNTI 3318 CC_id 0 Scheduling retransmission of Msg3 in (554,8)
919.317013 [NR_MAC] I  555 1: RA RNTI 3318 CC_id 0 Scheduling retransmission of Msg3 in (555,3)
919.322527 [NR_MAC] W UE 3318 RA failed at state WAIT_Msg3 (Reached msg3 max harq rounds)
919.322532 [NR_MAC] I Remove NR rnti 0x3318
919.561478 [RLC]    E 46411 SDU rejected, SDU buffer full
920.166524 [NR_MAC] I Frame.Slot 640.0
UE RNTI d61c CU-UE-ID 1 in-sync PH 48 dB PCMAX 18 dBm
UE d61c: CQI 11, RI 4, PMI (4,1)
UE d61c: dlsch_rounds 8760/165/1/0, dlsch_errors 0, pucch0_DTX 0 (SNR 21.2+1.2 dB), BLER 0.01480 MCS (1) 19 CCE fail 2, goodput 0.00 Mbps
UE d61c: ulsch_rounds 1266/316/114/113, ulsch_errors 113, ulsch_DTX 443, BLER 0.99999 MCS (1) 0 (Qm 2 deltaMCS 0 dB) NPRB 23 SNR 19.9 (-0.1) dB CCE fail 0, goodput 0.00 Mbps
UE d61c: LCID 1: TX            657 RX            978 bytes
UE d61c: LCID 2: TX              0 RX              0 bytes
UE d61c: LCID 4: TX      378384156 RX         235665 bytes

920.562478 [RLC]    E 46412 SDU rejected, SDU buffer full
921.446523 [NR_MAC] I Frame.Slot 768.0
UE RNTI d61c CU-UE-ID 1 in-sync PH 48 dB PCMAX 18 dBm
UE d61c: CQI 11, RI 4, PMI (4,1)
UE d61c: dlsch_rounds 8760/165/1/0, dlsch_errors 0, pucch0_DTX 0 (SNR 21.2+1.2 dB), BLER 0.01480 MCS (1) 19 CCE fail 2, goodput 0.00 Mbps
UE d61c: ulsch_rounds 1277/327/125/124, ulsch_errors 124, ulsch_DTX 487, BLER 1.00000 MCS (1) 0 (Qm 2 deltaMCS 0 dB) NPRB 23 SNR 19.9 (-0.1) dB CCE fail 0, goodput 0.00 Mbps
UE d61c: LCID 1: TX            657 RX            978 bytes
UE d61c: LCID 2: TX              0 RX              0 bytes
UE d61c: LCID 4: TX      378384156 RX         235665 bytes

921.563479 [RLC]    E 46411 SDU rejected, SDU buffer full
922.070527 [NR_MAC] A 829.19 UE RA-RNTI 010b TC-RNTI 3ea6: initiating RA procedure
922.070534 [NR_MAC] I UE 3ea6: Sync beam index 0
922.073013 [NR_MAC] I UE 3ea6: Msg3 scheduled at 830.18 (830.13 TDA 1) start 0 RBs 8
922.073019 [NR_MAC] A UE 3ea6: 830.13 Generating RA-Msg2 DCI, RA RNTI 0x10b, state 1, preamble_index(RAPID) 47, timing_offset = 42 (estimated distance 1640.7 [m])
922.082012 [NR_MAC] I  83111: RA RNTI 3ea6 CC_id 0 Scheduling retransmission of Msg3 in (831,13)
922.089524 [NR_MAC] I  832 6: RA RNTI 3ea6 CC_id 0 Scheduling retransmission of Msg3 in (832,8)
922.090538 [NR_MAC] A 831.19 UE RA-RNTI 010b TC-RNTI 3348: initiating RA procedure
922.090543 [NR_MAC] I UE 3348: Sync beam index 0
922.093013 [NR_MAC] I UE 3348: Msg3 scheduled at 832.18 (832.13 TDA 1) start 0 RBs 8
922.093019 [NR_MAC] A UE 3348: 832.13 Generating RA-Msg2 DCI, RA RNTI 0x10b, state 1, preamble_index(RAPID) 22, timing_offset = 43 (estimated distance 1679.8 [m])
922.097013 [NR_MAC] I  833 1: RA RNTI 3ea6 CC_id 0 Scheduling retransmission of Msg3 in (833,3)
922.102012 [NR_MAC] I  83311: RA RNTI 3348 CC_id 0 Scheduling retransmission of Msg3 in (833,13)
922.102526 [NR_MAC] W UE 3ea6 RA failed at state WAIT_Msg3 (Reached msg3 max harq rounds)
922.102532 [NR_MAC] I Remove NR rnti 0x3ea6
922.109513 [NR_MAC] I  834 6: RA RNTI 3348 CC_id 0 Scheduling retransmission of Msg3 in (834,8)
922.110538 [NR_MAC] A 833.19 UE RA-RNTI 010b TC-RNTI 397f: initiating RA procedure
922.110542 [NR_MAC] I UE 397f: Sync beam index 0
922.113013 [NR_MAC] I UE 397f: Msg3 scheduled at 834.18 (834.13 TDA 1) start 0 RBs 8
922.113019 [NR_MAC] A UE 397f: 834.13 Generating RA-Msg2 DCI, RA RNTI 0x10b, state 1, preamble_index(RAPID) 25, timing_offset = 3 (estimated distance 117.2 [m])
922.117013 [NR_MAC] I  835 1: RA RNTI 3348 CC_id 0 Scheduling retransmission of Msg3 in (835,3)
922.122012 [NR_MAC] I  83511: RA RNTI 397f CC_id 0 Scheduling retransmission of Msg3 in (835,13)
922.122526 [NR_MAC] W UE 3348 RA failed at state WAIT_Msg3 (Reached msg3 max harq rounds)
922.122531 [NR_MAC] I Remove NR rnti 0x3348
922.129513 [NR_MAC] I  836 6: RA RNTI 397f CC_id 0 Scheduling retransmission of Msg3 in (836,8)
922.137013 [NR_MAC] I  837 1: RA RNTI 397f CC_id 0 Scheduling retransmission of Msg3 in (837,3)
922.142525 [NR_MAC] W UE 397f RA failed at state WAIT_Msg3 (Reached msg3 max harq rounds)
922.142531 [NR_MAC] I Remove NR rnti 0x397f
922.210538 [NR_MAC] A 843.19 UE RA-RNTI 010b TC-RNTI cb7a: initiating RA procedure
922.210545 [NR_MAC] I UE cb7a: Sync beam index 0
922.213013 [NR_MAC] I UE cb7a: Msg3 scheduled at 844.18 (844.13 TDA 1) start 0 RBs 8
922.213019 [NR_MAC] A UE cb7a: 844.13 Generating RA-Msg2 DCI, RA RNTI 0x10b, state 1, preamble_index(RAPID) 39, timing_offset = 2 (estimated distance 78.1 [m])
922.222012 [NR_MAC] I  84511: RA RNTI cb7a CC_id 0 Scheduling retransmission of Msg3 in (845,13)
922.229513 [NR_MAC] I  846 6: RA RNTI cb7a CC_id 0 Scheduling retransmission of Msg3 in (846,8)
922.230538 [NR_MAC] A 845.19 UE RA-RNTI 010b TC-RNTI 895c: initiating RA procedure
922.230543 [NR_MAC] I UE 895c: Sync beam index 0
922.233013 [NR_MAC] I UE 895c: Msg3 scheduled at 846.18 (846.13 TDA 1) start 0 RBs 8
922.233018 [NR_MAC] A UE 895c: 846.13 Generating RA-Msg2 DCI, RA RNTI 0x10b, state 1, preamble_index(RAPID) 50, timing_offset = 5 (estimated distance 195.3 [m])
922.237013 [NR_MAC] I  847 1: RA RNTI cb7a CC_id 0 Scheduling retransmission of Msg3 in (847,3)
922.242012 [NR_MAC] I  84711: RA RNTI 895c CC_id 0 Scheduling retransmission of Msg3 in (847,13)
922.242526 [NR_MAC] W UE cb7a RA failed at state WAIT_Msg3 (Reached msg3 max harq rounds)
922.242532 [NR_MAC] I Remove NR rnti 0xcb7a
922.249512 [NR_MAC] I  848 6: RA RNTI 895c CC_id 0 Scheduling retransmission of Msg3 in (848,8)
922.250538 [NR_MAC] A 847.19 UE RA-RNTI 010b TC-RNTI ce56: initiating RA procedure
922.250543 [NR_MAC] I UE ce56: Sync beam index 0
922.253013 [NR_MAC] I UE ce56: Msg3 scheduled at 848.18 (848.13 TDA 1) start 0 RBs 8
922.253020 [NR_MAC] A UE ce56: 848.13 Generating RA-Msg2 DCI, RA RNTI 0x10b, state 1, preamble_index(RAPID) 0, timing_offset = 0 (estimated distance 0.0 [m])
922.257013 [NR_MAC] I  849 1: RA RNTI 895c CC_id 0 Scheduling retransmission of Msg3 in (849,3)
922.262012 [NR_MAC] I  84911: RA RNTI ce56 CC_id 0 Scheduling retransmission of Msg3 in (849,13)
922.262525 [NR_MAC] W UE 895c RA failed at state WAIT_Msg3 (Reached msg3 max harq rounds)
922.262527 [NR_MAC] I Remove NR rnti 0x895c
922.269512 [NR_MAC] I  850 6: RA RNTI ce56 CC_id 0 Scheduling retransmission of Msg3 in (850,8)
922.277012 [NR_MAC] I  851 1: RA RNTI ce56 CC_id 0 Scheduling retransmission of Msg3 in (851,3)
922.282526 [NR_MAC] W UE ce56 RA failed at state WAIT_Msg3 (Reached msg3 max harq rounds)
922.282531 [NR_MAC] I Remove NR rnti 0xce56
922.564476 [RLC]    E 46411 SDU rejected, SDU buffer full
922.690538 [NR_MAC] A 891.19 UE RA-RNTI 010b TC-RNTI 32a2: initiating RA procedure
922.690545 [NR_MAC] I UE 32a2: Sync beam index 0
922.693013 [NR_MAC] I UE 32a2: Msg3 scheduled at 892.18 (892.13 TDA 1) start 0 RBs 8
922.693018 [NR_MAC] A UE 32a2: 892.13 Generating RA-Msg2 DCI, RA RNTI 0x10b, state 1, preamble_index(RAPID) 22, timing_offset = 43 (estimated distance 1679.8 [m])
922.702013 [NR_MAC] I  89311: RA RNTI 32a2 CC_id 0 Scheduling retransmission of Msg3 in (893,13)
922.709513 [NR_MAC] I  894 6: RA RNTI 32a2 CC_id 0 Scheduling retransmission of Msg3 in (894,8)
922.710538 [NR_MAC] A 893.19 UE RA-RNTI 010b TC-RNTI 5b13: initiating RA procedure
922.710543 [NR_MAC] I UE 5b13: Sync beam index 0
922.713013 [NR_MAC] I UE 5b13: Msg3 scheduled at 894.18 (894.13 TDA 1) start 0 RBs 8
922.713018 [NR_MAC] A UE 5b13: 894.13 Generating RA-Msg2 DCI, RA RNTI 0x10b, state 1, preamble_index(RAPID) 60, timing_offset = 8 (estimated distance 312.5 [m])
922.717013 [NR_MAC] I  895 1: RA RNTI 32a2 CC_id 0 Scheduling retransmission of Msg3 in (895,3)
922.722012 [NR_MAC] I  89511: RA RNTI 5b13 CC_id 0 Scheduling retransmission of Msg3 in (895,13)
922.722526 [NR_MAC] W UE 32a2 RA failed at state WAIT_Msg3 (Reached msg3 max harq rounds)
922.722530 [NR_MAC] I Remove NR rnti 0x32a2
922.726520 [NR_MAC] I Frame.Slot 896.0
UE RNTI d61c CU-UE-ID 1 in-sync PH 48 dB PCMAX 18 dBm
UE d61c: CQI 11, RI 4, PMI (4,1)
UE d61c: dlsch_rounds 8760/165/1/0, dlsch_errors 0, pucch0_DTX 0 (SNR 21.2+1.2 dB), BLER 0.01480 MCS (1) 19 CCE fail 2, goodput 0.00 Mbps
UE d61c: ulsch_rounds 1288/338/136/135, ulsch_errors 135, ulsch_DTX 531, BLER 1.00000 MCS (1) 0 (Qm 2 deltaMCS 0 dB) NPRB 23 SNR 19.9 (-0.1) dB CCE fail 0, goodput 0.00 Mbps
UE d61c: LCID 1: TX            657 RX            978 bytes
UE d61c: LCID 2: TX              0 RX              0 bytes
UE d61c: LCID 4: TX      378384156 RX         235665 bytes

922.729513 [NR_MAC] I  896 6: RA RNTI 5b13 CC_id 0 Scheduling retransmission of Msg3 in (896,8)
922.730539 [NR_MAC] A 895.19 UE RA-RNTI 010b TC-RNTI 9603: initiating RA procedure
922.730544 [NR_MAC] I UE 9603: Sync beam index 0
922.733013 [NR_MAC] I UE 9603: Msg3 scheduled at 896.18 (896.13 TDA 1) start 0 RBs 8
922.733019 [NR_MAC] A UE 9603: 896.13 Generating RA-Msg2 DCI, RA RNTI 0x10b, state 1, preamble_index(RAPID) 48, timing_offset = 1 (estimated distance 39.1 [m])
922.737013 [NR_MAC] I  897 1: RA RNTI 5b13 CC_id 0 Scheduling retransmission of Msg3 in (897,3)
922.742013 [NR_MAC] I  89711: RA RNTI 9603 CC_id 0 Scheduling retransmission of Msg3 in (897,13)
922.742527 [NR_MAC] W UE 5b13 RA failed at state WAIT_Msg3 (Reached msg3 max harq rounds)
922.742532 [NR_MAC] I Remove NR rnti 0x5b13
922.749513 [NR_MAC] I  898 6: RA RNTI 9603 CC_id 0 Scheduling retransmission of Msg3 in (898,8)
922.750538 [NR_MAC] A 897.19 UE RA-RNTI 010b TC-RNTI 8bfa: initiating RA procedure
922.750543 [NR_MAC] I UE 8bfa: Sync beam index 0
922.753014 [NR_MAC] I UE 8bfa: Msg3 scheduled at 898.18 (898.13 TDA 1) start 0 RBs 8
922.753020 [NR_MAC] A UE 8bfa: 898.13 Generating RA-Msg2 DCI, RA RNTI 0x10b, state 1, preamble_index(RAPID) 50, timing_offset = 8 (estimated distance 312.5 [m])
922.757014 [NR_MAC] I  899 1: RA RNTI 9603 CC_id 0 Scheduling retransmission of Msg3 in (899,3)
922.762013 [NR_MAC] I  89911: RA RNTI 8bfa CC_id 0 Scheduling retransmission of Msg3 in (899,13)
922.762527 [NR_MAC] W UE 9603 RA failed at state WAIT_Msg3 (Reached msg3 max harq rounds)
922.762532 [NR_MAC] I Remove NR rnti 0x9603
922.769514 [NR_MAC] I  900 6: RA RNTI 8bfa CC_id 0 Scheduling retransmission of Msg3 in (900,8)
922.770540 [NR_MAC] A 899.19 UE RA-RNTI 010b TC-RNTI 12bb: initiating RA procedure
922.770543 [NR_MAC] I UE 12bb: Sync beam index 0
922.773014 [NR_MAC] I UE 12bb: Msg3 scheduled at 900.18 (900.13 TDA 1) start 0 RBs 8
922.773018 [NR_MAC] A UE 12bb: 900.13 Generating RA-Msg2 DCI, RA RNTI 0x10b, state 1, preamble_index(RAPID) 22, timing_offset = 5 (estimated distance 195.3 [m])
922.777013 [NR_MAC] I  901 1: RA RNTI 8bfa CC_id 0 Scheduling retransmission of Msg3 in (901,3)
922.782014 [NR_MAC] I  90111: RA RNTI 12bb CC_id 0 Scheduling retransmission of Msg3 in (901,13)
922.782527 [NR_MAC] W UE 8bfa RA failed at state WAIT_Msg3 (Reached msg3 max harq rounds)
922.782532 [NR_MAC] I Remove NR rnti 0x8bfa
922.789514 [NR_MAC] I  902 6: RA RNTI 12bb CC_id 0 Scheduling retransmission of Msg3 in (902,8)
922.797013 [NR_MAC] I  903 1: RA RNTI 12bb CC_id 0 Scheduling retransmission of Msg3 in (903,3)
922.802526 [NR_MAC] W UE 12bb RA failed at state WAIT_Msg3 (Reached msg3 max harq rounds)
922.802532 [NR_MAC] I Remove NR rnti 0x12bb
922.870527 [NR_MAC] A 909.19 UE RA-RNTI 010b TC-RNTI 84e7: initiating RA procedure
922.870533 [NR_MAC] I UE 84e7: Sync beam index 0
922.873015 [NR_MAC] I UE 84e7: Msg3 scheduled at 910.18 (910.13 TDA 1) start 0 RBs 8
922.873021 [NR_MAC] A UE 84e7: 910.13 Generating RA-Msg2 DCI, RA RNTI 0x10b, state 1, preamble_index(RAPID) 26, timing_offset = 0 (estimated distance 0.0 [m])
922.882013 [NR_MAC] I  91111: RA RNTI 84e7 CC_id 0 Scheduling retransmission of Msg3 in (911,13)
922.889513 [NR_MAC] I  912 6: RA RNTI 84e7 CC_id 0 Scheduling retransmission of Msg3 in (912,8)
922.897013 [NR_MAC] I  913 1: RA RNTI 84e7 CC_id 0 Scheduling retransmission of Msg3 in (913,3)
922.902527 [NR_MAC] W UE 84e7 RA failed at state WAIT_Msg3 (Reached msg3 max harq rounds)
922.902533 [NR_MAC] I Remove NR rnti 0x84e7
923.370540 [NR_MAC] A 959.19 UE RA-RNTI 010b TC-RNTI c137: initiating RA procedure
923.370547 [NR_MAC] I UE c137: Sync beam index 0
923.373015 [NR_MAC] I UE c137: Msg3 scheduled at 960.18 (960.13 TDA 1) start 0 RBs 8
923.373018 [NR_MAC] A UE c137: 960.13 Generating RA-Msg2 DCI, RA RNTI 0x10b, state 1, preamble_index(RAPID) 55, timing_offset = 24 (estimated distance 937.5 [m])
923.382013 [NR_MAC] I  96111: RA RNTI c137 CC_id 0 Scheduling retransmission of Msg3 in (961,13)
923.389513 [NR_MAC] I  962 6: RA RNTI c137 CC_id 0 Scheduling retransmission of Msg3 in (962,8)
923.397013 [NR_MAC] I  963 1: RA RNTI c137 CC_id 0 Scheduling retransmission of Msg3 in (963,3)
923.402526 [NR_MAC] W UE c137 RA failed at state WAIT_Msg3 (Reached msg3 max harq rounds)
923.402532 [NR_MAC] I Remove NR rnti 0xc137
923.470527 [NR_MAC] A 969.19 UE RA-RNTI 010b TC-RNTI 6f52: initiating RA procedure
923.470533 [NR_MAC] I UE 6f52: Sync beam index 0
923.473014 [NR_MAC] I UE 6f52: Msg3 scheduled at 970.18 (970.13 TDA 1) start 0 RBs 8
923.473020 [NR_MAC] A UE 6f52: 970.13 Generating RA-Msg2 DCI, RA RNTI 0x10b, state 1, preamble_index(RAPID) 21, timing_offset = 21 (estimated distance 820.3 [m])
923.482013 [NR_MAC] I  97111: RA RNTI 6f52 CC_id 0 Scheduling retransmission of Msg3 in (971,13)
923.489513 [NR_MAC] I  972 6: RA RNTI 6f52 CC_id 0 Scheduling retransmission of Msg3 in (972,8)
923.490540 [NR_MAC] A 971.19 UE RA-RNTI 010b TC-RNTI d1d7: initiating RA procedure
923.490545 [NR_MAC] I UE d1d7: Sync beam index 0
923.493014 [NR_MAC] I UE d1d7: Msg3 scheduled at 972.18 (972.13 TDA 1) start 0 RBs 8
923.493019 [NR_MAC] A UE d1d7: 972.13 Generating RA-Msg2 DCI, RA RNTI 0x10b, state 1, preamble_index(RAPID) 0, timing_offset = 0 (estimated distance 0.0 [m])
923.497014 [NR_MAC] I  973 1: RA RNTI 6f52 CC_id 0 Scheduling retransmission of Msg3 in (973,3)
923.502013 [NR_MAC] I  97311: RA RNTI d1d7 CC_id 0 Scheduling retransmission of Msg3 in (973,13)
923.502527 [NR_MAC] W UE 6f52 RA failed at state WAIT_Msg3 (Reached msg3 max harq rounds)
923.502532 [NR_MAC] I Remove NR rnti 0x6f52
923.509514 [NR_MAC] I  974 6: RA RNTI d1d7 CC_id 0 Scheduling retransmission of Msg3 in (974,8)
923.517013 [NR_MAC] I  975 1: RA RNTI d1d7 CC_id 0 Scheduling retransmission of Msg3 in (975,3)
923.522526 [NR_MAC] W UE d1d7 RA failed at state WAIT_Msg3 (Reached msg3 max harq rounds)
923.522532 [NR_MAC] I Remove NR rnti 0xd1d7
923.565479 [RLC]    E 46414 SDU rejected, SDU buffer full
924.006524 [NR_MAC] I Frame.Slot 0.0
UE RNTI d61c CU-UE-ID 1 in-sync PH 48 dB PCMAX 18 dBm
UE d61c: CQI 11, RI 4, PMI (4,1)
UE d61c: dlsch_rounds 8760/165/1/0, dlsch_errors 0, pucch0_DTX 0 (SNR 21.2+1.2 dB), BLER 0.01480 MCS (1) 19 CCE fail 2, goodput 0.00 Mbps
UE d61c: ulsch_rounds 1298/348/146/145, ulsch_errors 145, ulsch_DTX 571, BLER 1.00000 MCS (1) 0 (Qm 2 deltaMCS 0 dB) NPRB 23 SNR 19.9 (-0.1) dB CCE fail 0, goodput 0.00 Mbps
UE d61c: LCID 1: TX            657 RX            978 bytes
UE d61c: LCID 2: TX              0 RX              0 bytes
UE d61c: LCID 4: TX      378384156 RX         235665 bytes

924.190527 [NR_MAC] A 17.19 UE RA-RNTI 010b TC-RNTI 1b3c: initiating RA procedure
924.190534 [NR_MAC] I UE 1b3c: Sync beam index 0
924.193014 [NR_MAC] I UE 1b3c: Msg3 scheduled at 18.18 (18.13 TDA 1) start 0 RBs 8
924.193020 [NR_MAC] A UE 1b3c: 18.13 Generating RA-Msg2 DCI, RA RNTI 0x10b, state 1, preamble_index(RAPID) 43, timing_offset = 19 (estimated distance 742.2 [m])
924.202013 [NR_MAC] I   1911: RA RNTI 1b3c CC_id 0 Scheduling retransmission of Msg3 in (19,13)
924.209513 [NR_MAC] I   20 6: RA RNTI 1b3c CC_id 0 Scheduling retransmission of Msg3 in (20,8)
924.210539 [NR_MAC] A 19.19 UE RA-RNTI 010b TC-RNTI a28f: initiating RA procedure
924.210544 [NR_MAC] I UE a28f: Sync beam index 0
924.213015 [NR_MAC] I UE a28f: Msg3 scheduled at 20.18 (20.13 TDA 1) start 0 RBs 8
924.213020 [NR_MAC] A UE a28f: 20.13 Generating RA-Msg2 DCI, RA RNTI 0x10b, state 1, preamble_index(RAPID) 29, timing_offset = 0 (estimated distance 0.0 [m])
924.217013 [NR_MAC] I   21 1: RA RNTI 1b3c CC_id 0 Scheduling retransmission of Msg3 in (21,3)
924.222013 [NR_MAC] I   2111: RA RNTI a28f CC_id 0 Scheduling retransmission of Msg3 in (21,13)
924.222527 [NR_MAC] W UE 1b3c RA failed at state WAIT_Msg3 (Reached msg3 max harq rounds)
924.222533 [NR_MAC] I Remove NR rnti 0x1b3c
924.229513 [NR_MAC] I   22 6: RA RNTI a28f CC_id 0 Scheduling retransmission of Msg3 in (22,8)
924.237014 [NR_MAC] I   23 1: RA RNTI a28f CC_id 0 Scheduling retransmission of Msg3 in (23,3)
924.242526 [NR_MAC] W UE a28f RA failed at state WAIT_Msg3 (Reached msg3 max harq rounds)
924.242532 [NR_MAC] I Remove NR rnti 0xa28f
924.310527 [NR_MAC] A 29.19 UE RA-RNTI 010b TC-RNTI e068: initiating RA procedure
924.310532 [NR_MAC] I UE e068: Sync beam index 0
924.313014 [NR_MAC] I UE e068: Msg3 scheduled at 30.18 (30.13 TDA 1) start 0 RBs 8
924.313019 [NR_MAC] A UE e068: 30.13 Generating RA-Msg2 DCI, RA RNTI 0x10b, state 1, preamble_index(RAPID) 55, timing_offset = 0 (estimated distance 0.0 [m])
924.322013 [NR_MAC] I   3111: RA RNTI e068 CC_id 0 Scheduling retransmission of Msg3 in (31,13)
924.329514 [NR_MAC] I   32 6: RA RNTI e068 CC_id 0 Scheduling retransmission of Msg3 in (32,8)
924.330539 [NR_MAC] A 31.19 UE RA-RNTI 010b TC-RNTI d9d2: initiating RA procedure
924.330544 [NR_MAC] I UE d9d2: Sync beam index 0
924.333014 [NR_MAC] I UE d9d2: Msg3 scheduled at 32.18 (32.13 TDA 1) start 0 RBs 8
924.333019 [NR_MAC] A UE d9d2: 32.13 Generating RA-Msg2 DCI, RA RNTI 0x10b, state 1, preamble_index(RAPID) 44, timing_offset = 1 (estimated distance 39.1 [m])
924.337013 [NR_MAC] I   33 1: RA RNTI e068 CC_id 0 Scheduling retransmission of Msg3 in (33,3)
924.342014 [NR_MAC] I   3311: RA RNTI d9d2 CC_id 0 Scheduling retransmission of Msg3 in (33,13)
924.342527 [NR_MAC] W UE e068 RA failed at state WAIT_Msg3 (Reached msg3 max harq rounds)
924.342532 [NR_MAC] I Remove NR rnti 0xe068
924.349514 [NR_MAC] I   34 6: RA RNTI d9d2 CC_id 0 Scheduling retransmission of Msg3 in (34,8)
924.350541 [NR_MAC] A 33.19 UE RA-RNTI 010b TC-RNTI 2872: initiating RA procedure
924.350546 [NR_MAC] I UE 2872: Sync beam index 0
924.353014 [NR_MAC] I UE 2872: Msg3 scheduled at 34.18 (34.13 TDA 1) start 0 RBs 8
924.353019 [NR_MAC] A UE 2872: 34.13 Generating RA-Msg2 DCI, RA RNTI 0x10b, state 1, preamble_index(RAPID) 21, timing_offset = 8 (estimated distance 312.5 [m])
924.357014 [NR_MAC] I   35 1: RA RNTI d9d2 CC_id 0 Scheduling retransmission of Msg3 in (35,3)
924.362013 [NR_MAC] I   3511: RA RNTI 2872 CC_id 0 Scheduling retransmission of Msg3 in (35,13)
924.362527 [NR_MAC] W UE d9d2 RA failed at state WAIT_Msg3 (Reached msg3 max harq rounds)
924.362533 [NR_MAC] I Remove NR rnti 0xd9d2
924.369513 [NR_MAC] I   36 6: RA RNTI 2872 CC_id 0 Scheduling retransmission of Msg3 in (36,8)
924.371039 [NR_MAC] A 35.19 UE RA-RNTI 010b TC-RNTI ea00: initiating RA procedure
924.371043 [NR_MAC] I UE ea00: Sync beam index 0
924.373014 [NR_MAC] I UE ea00: Msg3 scheduled at 36.18 (36.13 TDA 1) start 0 RBs 8
924.373017 [NR_MAC] A UE ea00: 36.13 Generating RA-Msg2 DCI, RA RNTI 0x10b, state 1, preamble_index(RAPID) 54, timing_offset = 6 (estimated distance 234.4 [m])
924.377014 [NR_MAC] I   37 1: RA RNTI 2872 CC_id 0 Scheduling retransmission of Msg3 in (37,3)
924.382014 [NR_MAC] I   3711: RA RNTI ea00 CC_id 0 Scheduling retransmission of Msg3 in (37,13)
924.382527 [NR_MAC] W UE 2872 RA failed at state WAIT_Msg3 (Reached msg3 max harq rounds)
924.382533 [NR_MAC] I Remove NR rnti 0x2872
924.389513 [NR_MAC] I   38 6: RA RNTI ea00 CC_id 0 Scheduling retransmission of Msg3 in (38,8)
924.390542 [NR_MAC] A 37.19 UE RA-RNTI 010b TC-RNTI 7b4b: initiating RA procedure
924.390543 [NR_MAC] I UE 7b4b: Sync beam index 0
924.393014 [NR_MAC] I UE 7b4b: Msg3 scheduled at 38.18 (38.13 TDA 1) start 0 RBs 8
924.393017 [NR_MAC] A UE 7b4b: 38.13 Generating RA-Msg2 DCI, RA RNTI 0x10b, state 1, preamble_index(RAPID) 1, timing_offset = 2 (estimated distance 78.1 [m])
924.397013 [NR_MAC] I   39 1: RA RNTI ea00 CC_id 0 Scheduling retransmission of Msg3 in (39,3)
924.402013 [NR_MAC] I   3911: RA RNTI 7b4b CC_id 0 Scheduling retransmission of Msg3 in (39,13)
924.402527 [NR_MAC] W UE ea00 RA failed at state WAIT_Msg3 (Reached msg3 max harq rounds)
924.402529 [NR_MAC] I Remove NR rnti 0xea00
924.409514 [NR_MAC] I   40 6: RA RNTI 7b4b CC_id 0 Scheduling retransmission of Msg3 in (40,8)
924.417014 [NR_MAC] I   41 1: RA RNTI 7b4b CC_id 0 Scheduling retransmission of Msg3 in (41,3)
924.422527 [NR_MAC] W UE 7b4b RA failed at state WAIT_Msg3 (Reached msg3 max harq rounds)
924.422532 [NR_MAC] I Remove NR rnti 0x7b4b
924.566477 [RLC]    E 46411 SDU rejected, SDU buffer full
925.286523 [NR_MAC] I Frame.Slot 128.0
UE RNTI d61c CU-UE-ID 1 in-sync PH 48 dB PCMAX 18 dBm
UE d61c: CQI 11, RI 4, PMI (4,1)
UE d61c: dlsch_rounds 8760/165/1/0, dlsch_errors 0, pucch0_DTX 0 (SNR 21.2+1.2 dB), BLER 0.01480 MCS (1) 19 CCE fail 2, goodput 0.00 Mbps
UE d61c: ulsch_rounds 1309/359/157/156, ulsch_errors 156, ulsch_DTX 615, BLER 1.00000 MCS (1) 0 (Qm 2 deltaMCS 0 dB) NPRB 23 SNR 19.9 (-0.1) dB CCE fail 0, goodput 0.00 Mbps
UE d61c: LCID 1: TX            657 RX            978 bytes
UE d61c: LCID 2: TX              0 RX              0 bytes
UE d61c: LCID 4: TX      378384156 RX         235665 bytes

925.567478 [RLC]    E 46412 SDU rejected, SDU buffer full
925.670527 [NR_MAC] A 165.19 UE RA-RNTI 010b TC-RNTI b0d8: initiating RA procedure
925.670534 [NR_MAC] I UE b0d8: Sync beam index 0
925.673014 [NR_MAC] I UE b0d8: Msg3 scheduled at 166.18 (166.13 TDA 1) start 0 RBs 8
925.673020 [NR_MAC] A UE b0d8: 166.13 Generating RA-Msg2 DCI, RA RNTI 0x10b, state 1, preamble_index(RAPID) 58, timing_offset = 7 (estimated distance 273.4 [m])
925.682013 [NR_MAC] I  16711: RA RNTI b0d8 CC_id 0 Scheduling retransmission of Msg3 in (167,13)
925.689514 [NR_MAC] I  168 6: RA RNTI b0d8 CC_id 0 Scheduling retransmission of Msg3 in (168,8)
925.690540 [NR_MAC] A 167.19 UE RA-RNTI 010b TC-RNTI 80dc: initiating RA procedure
925.690545 [NR_MAC] I UE 80dc: Sync beam index 0
925.693014 [NR_MAC] I UE 80dc: Msg3 scheduled at 168.18 (168.13 TDA 1) start 0 RBs 8
925.693020 [NR_MAC] A UE 80dc: 168.13 Generating RA-Msg2 DCI, RA RNTI 0x10b, state 1, preamble_index(RAPID) 53, timing_offset = 8 (estimated distance 312.5 [m])
925.697013 [NR_MAC] I  169 1: RA RNTI b0d8 CC_id 0 Scheduling retransmission of Msg3 in (169,3)
925.702013 [NR_MAC] I  16911: RA RNTI 80dc CC_id 0 Scheduling retransmission of Msg3 in (169,13)
925.702526 [NR_MAC] W UE b0d8 RA failed at state WAIT_Msg3 (Reached msg3 max harq rounds)
925.702533 [NR_MAC] I Remove NR rnti 0xb0d8
925.709513 [NR_MAC] I  170 6: RA RNTI 80dc CC_id 0 Scheduling retransmission of Msg3 in (170,8)
925.710539 [NR_MAC] A 169.19 UE RA-RNTI 010b TC-RNTI 0793: initiating RA procedure
925.710544 [NR_MAC] I UE 0793: Sync beam index 0
925.713014 [NR_MAC] I UE 0793: Msg3 scheduled at 170.18 (170.13 TDA 1) start 0 RBs 8
925.713020 [NR_MAC] A UE 0793: 170.13 Generating RA-Msg2 DCI, RA RNTI 0x10b, state 1, preamble_index(RAPID) 59, timing_offset = 0 (estimated distance 0.0 [m])
925.717014 [NR_MAC] I  171 1: RA RNTI 80dc CC_id 0 Scheduling retransmission of Msg3 in (171,3)
925.722013 [NR_MAC] I  17111: RA RNTI 0793 CC_id 0 Scheduling retransmission of Msg3 in (171,13)
925.722527 [NR_MAC] W UE 80dc RA failed at state WAIT_Msg3 (Reached msg3 max harq rounds)
925.722532 [NR_MAC] I Remove NR rnti 0x80dc
925.729514 [NR_MAC] I  172 6: RA RNTI 0793 CC_id 0 Scheduling retransmission of Msg3 in (172,8)
925.730539 [NR_MAC] A 171.19 UE RA-RNTI 010b TC-RNTI 45ed: initiating RA procedure
925.730545 [NR_MAC] I UE 45ed: Sync beam index 0
925.733014 [NR_MAC] I UE 45ed: Msg3 scheduled at 172.18 (172.13 TDA 1) start 0 RBs 8
925.733019 [NR_MAC] A UE 45ed: 172.13 Generating RA-Msg2 DCI, RA RNTI 0x10b, state 1, preamble_index(RAPID) 2, timing_offset = 0 (estimated distance 0.0 [m])
925.737013 [NR_MAC] I  173 1: RA RNTI 0793 CC_id 0 Scheduling retransmission of Msg3 in (173,3)
925.742013 [NR_MAC] I  17311: RA RNTI 45ed CC_id 0 Scheduling retransmission of Msg3 in (173,13)
925.742526 [NR_MAC] W UE 0793 RA failed at state WAIT_Msg3 (Reached msg3 max harq rounds)
925.742532 [NR_MAC] I Remove NR rnti 0x0793
925.749514 [NR_MAC] I  174 6: RA RNTI 45ed CC_id 0 Scheduling retransmission of Msg3 in (174,8)
925.750539 [NR_MAC] A 173.19 UE RA-RNTI 010b TC-RNTI 20e1: initiating RA procedure
925.750544 [NR_MAC] I UE 20e1: Sync beam index 0
925.753014 [NR_MAC] I UE 20e1: Msg3 scheduled at 174.18 (174.13 TDA 1) start 0 RBs 8
925.753019 [NR_MAC] A UE 20e1: 174.13 Generating RA-Msg2 DCI, RA RNTI 0x10b, state 1, preamble_index(RAPID) 15, timing_offset = 3 (estimated distance 117.2 [m])
925.757014 [NR_MAC] I  175 1: RA RNTI 45ed CC_id 0 Scheduling retransmission of Msg3 in (175,3)
925.762013 [NR_MAC] I  17511: RA RNTI 20e1 CC_id 0 Scheduling retransmission of Msg3 in (175,13)
925.762527 [NR_MAC] W UE 45ed RA failed at state WAIT_Msg3 (Reached msg3 max harq rounds)
925.762533 [NR_MAC] I Remove NR rnti 0x45ed
925.769514 [NR_MAC] I  176 6: RA RNTI 20e1 CC_id 0 Scheduling retransmission of Msg3 in (176,8)
925.770539 [NR_MAC] A 175.19 UE RA-RNTI 010b TC-RNTI 8fd9: initiating RA procedure
925.770541 [NR_MAC] I UE 8fd9: Sync beam index 0
925.773014 [NR_MAC] I UE 8fd9: Msg3 scheduled at 176.18 (176.13 TDA 1) start 0 RBs 8
925.773015 [NR_MAC] A UE 8fd9: 176.13 Generating RA-Msg2 DCI, RA RNTI 0x10b, state 1, preamble_index(RAPID) 8, timing_offset = 0 (estimated distance 0.0 [m])
925.777013 [NR_MAC] I  177 1: RA RNTI 20e1 CC_id 0 Scheduling retransmission of Msg3 in (177,3)
925.782013 [NR_MAC] I  17711: RA RNTI 8fd9 CC_id 0 Scheduling retransmission of Msg3 in (177,13)
925.782527 [NR_MAC] W UE 20e1 RA failed at state WAIT_Msg3 (Reached msg3 max harq rounds)
925.782532 [NR_MAC] I Remove NR rnti 0x20e1
925.789514 [NR_MAC] I  178 6: RA RNTI 8fd9 CC_id 0 Scheduling retransmission of Msg3 in (178,8)
925.790539 [NR_MAC] A 177.19 UE RA-RNTI 010b TC-RNTI 683d: initiating RA procedure
925.790544 [NR_MAC] I UE 683d: Sync beam index 0
925.793014 [NR_MAC] I UE 683d: Msg3 scheduled at 178.18 (178.13 TDA 1) start 0 RBs 8
925.793019 [NR_MAC] A UE 683d: 178.13 Generating RA-Msg2 DCI, RA RNTI 0x10b, state 1, preamble_index(RAPID) 63, timing_offset = 0 (estimated distance 0.0 [m])
925.797013 [NR_MAC] I  179 1: RA RNTI 8fd9 CC_id 0 Scheduling retransmission of Msg3 in (179,3)
925.802014 [NR_MAC] I  17911: RA RNTI 683d CC_id 0 Scheduling retransmission of Msg3 in (179,13)
925.802527 [NR_MAC] W UE 8fd9 RA failed at state WAIT_Msg3 (Reached msg3 max harq rounds)
925.802533 [NR_MAC] I Remove NR rnti 0x8fd9
925.809514 [NR_MAC] I  180 6: RA RNTI 683d CC_id 0 Scheduling retransmission of Msg3 in (180,8)
925.810540 [NR_MAC] A 179.19 UE RA-RNTI 010b TC-RNTI cc28: initiating RA procedure
925.810545 [NR_MAC] I UE cc28: Sync beam index 0
925.813013 [NR_MAC] I UE cc28: Msg3 scheduled at 180.18 (180.13 TDA 1) start 0 RBs 8
925.813021 [NR_MAC] A UE cc28: 180.13 Generating RA-Msg2 DCI, RA RNTI 0x10b, state 1, preamble_index(RAPID) 58, timing_offset = 30 (estimated distance 1171.9 [m])
925.817014 [NR_MAC] I  181 1: RA RNTI 683d CC_id 0 Scheduling retransmission of Msg3 in (181,3)
925.822013 [NR_MAC] I  18111: RA RNTI cc28 CC_id 0 Scheduling retransmission of Msg3 in (181,13)
925.822527 [NR_MAC] W UE 683d RA failed at state WAIT_Msg3 (Reached msg3 max harq rounds)
925.822532 [NR_MAC] I Remove NR rnti 0x683d
925.829514 [NR_MAC] I  182 6: RA RNTI cc28 CC_id 0 Scheduling retransmission of Msg3 in (182,8)
925.830539 [NR_MAC] A 181.19 UE RA-RNTI 010b TC-RNTI 70b9: initiating RA procedure
925.830545 [NR_MAC] I UE 70b9: Sync beam index 0
925.833014 [NR_MAC] I UE 70b9: Msg3 scheduled at 182.18 (182.13 TDA 1) start 0 RBs 8
925.833021 [NR_MAC] A UE 70b9: 182.13 Generating RA-Msg2 DCI, RA RNTI 0x10b, state 1, preamble_index(RAPID) 37, timing_offset = 10 (estimated distance 390.6 [m])
925.837013 [NR_MAC] I  183 1: RA RNTI cc28 CC_id 0 Scheduling retransmission of Msg3 in (183,3)
925.842013 [NR_MAC] I  18311: RA RNTI 70b9 CC_id 0 Scheduling retransmission of Msg3 in (183,13)
925.842527 [NR_MAC] W UE cc28 RA failed at state WAIT_Msg3 (Reached msg3 max harq rounds)
925.842533 [NR_MAC] I Remove NR rnti 0xcc28
925.849514 [NR_MAC] I  184 6: RA RNTI 70b9 CC_id 0 Scheduling retransmission of Msg3 in (184,8)
925.850539 [NR_MAC] A 183.19 UE RA-RNTI 010b TC-RNTI 7f64: initiating RA procedure
925.850544 [NR_MAC] I UE 7f64: Sync beam index 0
925.853014 [NR_MAC] I UE 7f64: Msg3 scheduled at 184.18 (184.13 TDA 1) start 0 RBs 8
925.853019 [NR_MAC] A UE 7f64: 184.13 Generating RA-Msg2 DCI, RA RNTI 0x10b, state 1, preamble_index(RAPID) 31, timing_offset = 0 (estimated distance 0.0 [m])
925.857013 [NR_MAC] I  185 1: RA RNTI 70b9 CC_id 0 Scheduling retransmission of Msg3 in (185,3)
925.862013 [NR_MAC] I  18511: RA RNTI 7f64 CC_id 0 Scheduling retransmission of Msg3 in (185,13)
925.862527 [NR_MAC] W UE 70b9 RA failed at state WAIT_Msg3 (Reached msg3 max harq rounds)
925.862533 [NR_MAC] I Remove NR rnti 0x70b9
925.869514 [NR_MAC] I  186 6: RA RNTI 7f64 CC_id 0 Scheduling retransmission of Msg3 in (186,8)
925.877013 [NR_MAC] I  187 1: RA RNTI 7f64 CC_id 0 Scheduling retransmission of Msg3 in (187,3)
925.882527 [NR_MAC] W UE 7f64 RA failed at state WAIT_Msg3 (Reached msg3 max harq rounds)
925.882532 [NR_MAC] I Remove NR rnti 0x7f64
926.430539 [NR_MAC] A 241.19 UE RA-RNTI 010b TC-RNTI a996: initiating RA procedure
926.430546 [NR_MAC] I UE a996: Sync beam index 0
926.433014 [NR_MAC] I UE a996: Msg3 scheduled at 242.18 (242.13 TDA 1) start 0 RBs 8
926.433019 [NR_MAC] A UE a996: 242.13 Generating RA-Msg2 DCI, RA RNTI 0x10b, state 1, preamble_index(RAPID) 46, timing_offset = 51 (estimated distance 1992.3 [m])
926.442013 [NR_MAC] I  24311: RA RNTI a996 CC_id 0 Scheduling retransmission of Msg3 in (243,13)
926.449513 [NR_MAC] I  244 6: RA RNTI a996 CC_id 0 Scheduling retransmission of Msg3 in (244,8)
926.450539 [NR_MAC] A 243.19 UE RA-RNTI 010b TC-RNTI 6ee8: initiating RA procedure
926.450544 [NR_MAC] I UE 6ee8: Sync beam index 0
926.453014 [NR_MAC] I UE 6ee8: Msg3 scheduled at 244.18 (244.13 TDA 1) start 0 RBs 8
926.453020 [NR_MAC] A UE 6ee8: 244.13 Generating RA-Msg2 DCI, RA RNTI 0x10b, state 1, preamble_index(RAPID) 5, timing_offset = 2 (estimated distance 78.1 [m])
926.457013 [NR_MAC] I  245 1: RA RNTI a996 CC_id 0 Scheduling retransmission of Msg3 in (245,3)
926.462013 [NR_MAC] I  24511: RA RNTI 6ee8 CC_id 0 Scheduling retransmission of Msg3 in (245,13)
926.462527 [NR_MAC] W UE a996 RA failed at state WAIT_Msg3 (Reached msg3 max harq rounds)
926.462533 [NR_MAC] I Remove NR rnti 0xa996
926.469514 [NR_MAC] I  246 6: RA RNTI 6ee8 CC_id 0 Scheduling retransmission of Msg3 in (246,8)
926.477014 [NR_MAC] I  247 1: RA RNTI 6ee8 CC_id 0 Scheduling retransmission of Msg3 in (247,3)
926.482526 [NR_MAC] W UE 6ee8 RA failed at state WAIT_Msg3 (Reached msg3 max harq rounds)
926.482532 [NR_MAC] I Remove NR rnti 0x6ee8
926.550539 [NR_MAC] A 253.19 UE RA-RNTI 010b TC-RNTI a8c0: initiating RA procedure
926.550544 [NR_MAC] I UE a8c0: Sync beam index 0
926.553014 [NR_MAC] I UE a8c0: Msg3 scheduled at 254.18 (254.13 TDA 1) start 0 RBs 8
926.553020 [NR_MAC] A UE a8c0: 254.13 Generating RA-Msg2 DCI, RA RNTI 0x10b, state 1, preamble_index(RAPID) 56, timing_offset = 0 (estimated distance 0.0 [m])
926.562013 [NR_MAC] I  25511: RA RNTI a8c0 CC_id 0 Scheduling retransmission of Msg3 in (255,13)
926.566522 [NR_MAC] I Frame.Slot 256.0
UE RNTI d61c CU-UE-ID 1 in-sync PH 48 dB PCMAX 18 dBm
UE d61c: CQI 11, RI 4, PMI (4,1)
UE d61c: dlsch_rounds 8760/165/1/0, dlsch_errors 0, pucch0_DTX 0 (SNR 21.2+1.2 dB), BLER 0.01480 MCS (1) 19 CCE fail 2, goodput 0.00 Mbps
UE d61c: ulsch_rounds 1320/370/168/167, ulsch_errors 167, ulsch_DTX 659, BLER 1.00000 MCS (1) 0 (Qm 2 deltaMCS 0 dB) NPRB 23 SNR 19.9 (-0.1) dB CCE fail 0, goodput 0.00 Mbps
UE d61c: LCID 1: TX            657 RX            978 bytes
UE d61c: LCID 2: TX              0 RX              0 bytes
UE d61c: LCID 4: TX      378384156 RX         235665 bytes

926.568480 [RLC]    E 46412 SDU rejected, SDU buffer full
926.569514 [NR_MAC] I  256 6: RA RNTI a8c0 CC_id 0 Scheduling retransmission of Msg3 in (256,8)
926.570539 [NR_MAC] A 255.19 UE RA-RNTI 010b TC-RNTI 88c1: initiating RA procedure
926.570541 [NR_MAC] I UE 88c1: Sync beam index 0
926.573014 [NR_MAC] I UE 88c1: Msg3 scheduled at 256.18 (256.13 TDA 1) start 0 RBs 8
926.573018 [NR_MAC] A UE 88c1: 256.13 Generating RA-Msg2 DCI, RA RNTI 0x10b, state 1, preamble_index(RAPID) 52, timing_offset = 4 (estimated distance 156.3 [m])
926.577013 [NR_MAC] I  257 1: RA RNTI a8c0 CC_id 0 Scheduling retransmission of Msg3 in (257,3)
926.582013 [NR_MAC] I  25711: RA RNTI 88c1 CC_id 0 Scheduling retransmission of Msg3 in (257,13)
926.582527 [NR_MAC] W UE a8c0 RA failed at state WAIT_Msg3 (Reached msg3 max harq rounds)
926.582532 [NR_MAC] I Remove NR rnti 0xa8c0
926.589514 [NR_MAC] I  258 6: RA RNTI 88c1 CC_id 0 Scheduling retransmission of Msg3 in (258,8)
926.597013 [NR_MAC] I  259 1: RA RNTI 88c1 CC_id 0 Scheduling retransmission of Msg3 in (259,3)
926.602527 [NR_MAC] W UE 88c1 RA failed at state WAIT_Msg3 (Reached msg3 max harq rounds)
926.602532 [NR_MAC] I Remove NR rnti 0x88c1
927.450540 [NR_MAC] A 343.19 UE RA-RNTI 010b TC-RNTI 1be9: initiating RA procedure
927.450546 [NR_MAC] I UE 1be9: Sync beam index 0
927.453014 [NR_MAC] I UE 1be9: Msg3 scheduled at 344.18 (344.13 TDA 1) start 0 RBs 8
927.453020 [NR_MAC] A UE 1be9: 344.13 Generating RA-Msg2 DCI, RA RNTI 0x10b, state 1, preamble_index(RAPID) 42, timing_offset = 28 (estimated distance 1093.8 [m])
927.462013 [NR_MAC] I  34511: RA RNTI 1be9 CC_id 0 Scheduling retransmission of Msg3 in (345,13)
927.469513 [NR_MAC] I  346 6: RA RNTI 1be9 CC_id 0 Scheduling retransmission of Msg3 in (346,8)
927.470539 [NR_MAC] A 345.19 UE RA-RNTI 010b TC-RNTI e378: initiating RA procedure
927.470544 [NR_MAC] I UE e378: Sync beam index 0
927.473014 [NR_MAC] I UE e378: Msg3 scheduled at 346.18 (346.13 TDA 1) start 0 RBs 8
927.473019 [NR_MAC] A UE e378: 346.13 Generating RA-Msg2 DCI, RA RNTI 0x10b, state 1, preamble_index(RAPID) 38, timing_offset = 41 (estimated distance 1601.6 [m])
927.477013 [NR_MAC] I  347 1: RA RNTI 1be9 CC_id 0 Scheduling retransmission of Msg3 in (347,3)
927.482013 [NR_MAC] I  34711: RA RNTI e378 CC_id 0 Scheduling retransmission of Msg3 in (347,13)
927.482526 [NR_MAC] W UE 1be9 RA failed at state WAIT_Msg3 (Reached msg3 max harq rounds)
927.482532 [NR_MAC] I Remove NR rnti 0x1be9
927.489514 [NR_MAC] I  348 6: RA RNTI e378 CC_id 0 Scheduling retransmission of Msg3 in (348,8)
927.490539 [NR_MAC] A 347.19 UE RA-RNTI 010b TC-RNTI 556e: initiating RA procedure
927.490544 [NR_MAC] I UE 556e: Sync beam index 0
927.493015 [NR_MAC] I UE 556e: Msg3 scheduled at 348.18 (348.13 TDA 1) start 0 RBs 8
927.493021 [NR_MAC] A UE 556e: 348.13 Generating RA-Msg2 DCI, RA RNTI 0x10b, state 1, preamble_index(RAPID) 31, timing_offset = 15 (estimated distance 586.0 [m])
927.497013 [NR_MAC] I  349 1: RA RNTI e378 CC_id 0 Scheduling retransmission of Msg3 in (349,3)
927.502013 [NR_MAC] I  34911: RA RNTI 556e CC_id 0 Scheduling retransmission of Msg3 in (349,13)
927.502527 [NR_MAC] W UE e378 RA failed at state WAIT_Msg3 (Reached msg3 max harq rounds)
927.502532 [NR_MAC] I Remove NR rnti 0xe378
927.509513 [NR_MAC] I  350 6: RA RNTI 556e CC_id 0 Scheduling retransmission of Msg3 in (350,8)
927.517014 [NR_MAC] I  351 1: RA RNTI 556e CC_id 0 Scheduling retransmission of Msg3 in (351,3)
927.522526 [NR_MAC] W UE 556e RA failed at state WAIT_Msg3 (Reached msg3 max harq rounds)
927.522532 [NR_MAC] I Remove NR rnti 0x556e
927.569917 [RLC]    E 46362 SDU rejected, SDU buffer full
927.591027 [NR_MAC] A 357.19 UE RA-RNTI 010b TC-RNTI 3410: initiating RA procedure
927.591032 [NR_MAC] I UE 3410: Sync beam index 0
927.593014 [NR_MAC] I UE 3410: Msg3 scheduled at 358.18 (358.13 TDA 1) start 0 RBs 8
927.593018 [NR_MAC] A UE 3410: 358.13 Generating RA-Msg2 DCI, RA RNTI 0x10b, state 1, preamble_index(RAPID) 46, timing_offset = 0 (estimated distance 0.0 [m])
927.602013 [NR_MAC] I  35911: RA RNTI 3410 CC_id 0 Scheduling retransmission of Msg3 in (359,13)
927.609514 [NR_MAC] I  360 6: RA RNTI 3410 CC_id 0 Scheduling retransmission of Msg3 in (360,8)
927.610543 [NR_MAC] A 359.19 UE RA-RNTI 010b TC-RNTI 1b46: initiating RA procedure
927.610548 [NR_MAC] I UE 1b46: Sync beam index 0
927.613014 [NR_MAC] I UE 1b46: Msg3 scheduled at 360.18 (360.13 TDA 1) start 0 RBs 8
927.613018 [NR_MAC] A UE 1b46: 360.13 Generating RA-Msg2 DCI, RA RNTI 0x10b, state 1, preamble_index(RAPID) 47, timing_offset = 11 (estimated distance 429.7 [m])
927.617014 [NR_MAC] I  361 1: RA RNTI 3410 CC_id 0 Scheduling retransmission of Msg3 in (361,3)
927.622013 [NR_MAC] I  36111: RA RNTI 1b46 CC_id 0 Scheduling retransmission of Msg3 in (361,13)
927.622527 [NR_MAC] W UE 3410 RA failed at state WAIT_Msg3 (Reached msg3 max harq rounds)
927.622533 [NR_MAC] I Remove NR rnti 0x3410
927.629514 [NR_MAC] I  362 6: RA RNTI 1b46 CC_id 0 Scheduling retransmission of Msg3 in (362,8)
927.637013 [NR_MAC] I  363 1: RA RNTI 1b46 CC_id 0 Scheduling retransmission of Msg3 in (363,3)
927.642526 [NR_MAC] W UE 1b46 RA failed at state WAIT_Msg3 (Reached msg3 max harq rounds)
927.642532 [NR_MAC] I Remove NR rnti 0x1b46
927.846522 [NR_MAC] I Frame.Slot 384.0
UE RNTI d61c CU-UE-ID 1 in-sync PH 48 dB PCMAX 18 dBm
UE d61c: CQI 11, RI 4, PMI (4,1)
UE d61c: dlsch_rounds 8760/165/1/0, dlsch_errors 0, pucch0_DTX 0 (SNR 21.2+1.2 dB), BLER 0.01480 MCS (1) 19 CCE fail 2, goodput 0.00 Mbps
UE d61c: ulsch_rounds 1330/380/178/177, ulsch_errors 177, ulsch_DTX 696, BLER 1.00000 MCS (1) 0 (Qm 2 deltaMCS 0 dB) NPRB 23 SNR 19.6 (-0.4) dB CCE fail 0, goodput 0.00 Mbps
UE d61c: LCID 1: TX            657 RX            978 bytes
UE d61c: LCID 2: TX              0 RX              0 bytes
UE d61c: LCID 4: TX      378384156 RX         235665 bytes

928.270528 [NR_MAC] A 425.19 UE RA-RNTI 010b TC-RNTI 0e9a: initiating RA procedure
928.270534 [NR_MAC] I UE 0e9a: Sync beam index 0
928.273015 [NR_MAC] I UE 0e9a: Msg3 scheduled at 426.18 (426.13 TDA 1) start 0 RBs 8
928.273019 [NR_MAC] A UE 0e9a: 426.13 Generating RA-Msg2 DCI, RA RNTI 0x10b, state 1, preamble_index(RAPID) 26, timing_offset = 6 (estimated distance 234.4 [m])
928.282013 [NR_MAC] I  42711: RA RNTI 0e9a CC_id 0 Scheduling retransmission of Msg3 in (427,13)
928.289513 [NR_MAC] I  428 6: RA RNTI 0e9a CC_id 0 Scheduling retransmission of Msg3 in (428,8)
928.297014 [NR_MAC] I  429 1: RA RNTI 0e9a CC_id 0 Scheduling retransmission of Msg3 in (429,3)
928.302526 [NR_MAC] W UE 0e9a RA failed at state WAIT_Msg3 (Reached msg3 max harq rounds)
928.302532 [NR_MAC] I Remove NR rnti 0x0e9a
928.370540 [NR_MAC] A 435.19 UE RA-RNTI 010b TC-RNTI 0c12: initiating RA procedure
928.370544 [NR_MAC] I UE 0c12: Sync beam index 0
928.373014 [NR_MAC] I UE 0c12: Msg3 scheduled at 436.18 (436.13 TDA 1) start 0 RBs 8
928.373018 [NR_MAC] A UE 0c12: 436.13 Generating RA-Msg2 DCI, RA RNTI 0x10b, state 1, preamble_index(RAPID) 13, timing_offset = 9 (estimated distance 351.6 [m])
928.382013 [NR_MAC] I  43711: RA RNTI 0c12 CC_id 0 Scheduling retransmission of Msg3 in (437,13)
928.389514 [NR_MAC] I  438 6: RA RNTI 0c12 CC_id 0 Scheduling retransmission of Msg3 in (438,8)
928.397013 [NR_MAC] I  439 1: RA RNTI 0c12 CC_id 0 Scheduling retransmission of Msg3 in (439,3)
928.402526 [NR_MAC] W UE 0c12 RA failed at state WAIT_Msg3 (Reached msg3 max harq rounds)
928.402532 [NR_MAC] I Remove NR rnti 0x0c12
928.570960 [RLC]    E 46366 SDU rejected, SDU buffer full
928.730539 [NR_MAC] A 471.19 UE RA-RNTI 010b TC-RNTI 60a3: initiating RA procedure
928.730546 [NR_MAC] I UE 60a3: Sync beam index 0
928.733015 [NR_MAC] I UE 60a3: Msg3 scheduled at 472.18 (472.13 TDA 1) start 0 RBs 8
928.733019 [NR_MAC] A UE 60a3: 472.13 Generating RA-Msg2 DCI, RA RNTI 0x10b, state 1, preamble_index(RAPID) 13, timing_offset = 1 (estimated distance 39.1 [m])
928.742013 [NR_MAC] I  47311: RA RNTI 60a3 CC_id 0 Scheduling retransmission of Msg3 in (473,13)
928.749514 [NR_MAC] I  474 6: RA RNTI 60a3 CC_id 0 Scheduling retransmission of Msg3 in (474,8)
928.757014 [NR_MAC] I  475 1: RA RNTI 60a3 CC_id 0 Scheduling retransmission of Msg3 in (475,3)
928.762527 [NR_MAC] W UE 60a3 RA failed at state WAIT_Msg3 (Reached msg3 max harq rounds)
928.762532 [NR_MAC] I Remove NR rnti 0x60a3
928.830538 [NR_MAC] A 481.19 UE RA-RNTI 010b TC-RNTI 5a92: initiating RA procedure
928.830544 [NR_MAC] I UE 5a92: Sync beam index 0
928.833014 [NR_MAC] I UE 5a92: Msg3 scheduled at 482.18 (482.13 TDA 1) start 0 RBs 8
928.833018 [NR_MAC] A UE 5a92: 482.13 Generating RA-Msg2 DCI, RA RNTI 0x10b, state 1, preamble_index(RAPID) 36, timing_offset = 38 (estimated distance 1484.4 [m])
928.842013 [NR_MAC] I  48311: RA RNTI 5a92 CC_id 0 Scheduling retransmission of Msg3 in (483,13)
928.849513 [NR_MAC] I  484 6: RA RNTI 5a92 CC_id 0 Scheduling retransmission of Msg3 in (484,8)
928.850539 [NR_MAC] A 483.19 UE RA-RNTI 010b TC-RNTI 667c: initiating RA procedure
928.850544 [NR_MAC] I UE 667c: Sync beam index 0
928.853025 [NR_MAC] I UE 667c: Msg3 scheduled at 484.18 (484.13 TDA 1) start 0 RBs 8
928.853029 [NR_MAC] A UE 667c: 484.13 Generating RA-Msg2 DCI, RA RNTI 0x10b, state 1, preamble_index(RAPID) 50, timing_offset = 0 (estimated distance 0.0 [m])
928.857013 [NR_MAC] I  485 1: RA RNTI 5a92 CC_id 0 Scheduling retransmission of Msg3 in (485,3)
928.862013 [NR_MAC] I  48511: RA RNTI 667c CC_id 0 Scheduling retransmission of Msg3 in (485,13)
928.862527 [NR_MAC] W UE 5a92 RA failed at state WAIT_Msg3 (Reached msg3 max harq rounds)
928.862532 [NR_MAC] I Remove NR rnti 0x5a92
928.869513 [NR_MAC] I  486 6: RA RNTI 667c CC_id 0 Scheduling retransmission of Msg3 in (486,8)
928.877013 [NR_MAC] I  487 1: RA RNTI 667c CC_id 0 Scheduling retransmission of Msg3 in (487,3)
928.882527 [NR_MAC] W UE 667c RA failed at state WAIT_Msg3 (Reached msg3 max harq rounds)
928.882532 [NR_MAC] I Remove NR rnti 0x667c
929.126522 [NR_MAC] I Frame.Slot 512.0
UE RNTI d61c CU-UE-ID 1 in-sync PH 48 dB PCMAX 18 dBm
UE d61c: CQI 11, RI 4, PMI (4,1)
UE d61c: dlsch_rounds 8760/165/1/0, dlsch_errors 0, pucch0_DTX 0 (SNR 21.2+1.2 dB), BLER 0.01480 MCS (1) 19 CCE fail 2, goodput 0.00 Mbps
UE d61c: ulsch_rounds 1341/391/189/188, ulsch_errors 188, ulsch_DTX 740, BLER 1.00000 MCS (1) 0 (Qm 2 deltaMCS 0 dB) NPRB 23 SNR 19.6 (-0.4) dB CCE fail 0, goodput 0.00 Mbps
UE d61c: LCID 1: TX            657 RX            978 bytes
UE d61c: LCID 2: TX              0 RX              0 bytes
UE d61c: LCID 4: TX      378384156 RX         235665 bytes

929.450538 [NR_MAC] A 543.19 UE RA-RNTI 010b TC-RNTI 8af1: initiating RA procedure
929.450545 [NR_MAC] I UE 8af1: Sync beam index 0
929.453013 [NR_MAC] I UE 8af1: Msg3 scheduled at 544.18 (544.13 TDA 1) start 0 RBs 8
929.453018 [NR_MAC] A UE 8af1: 544.13 Generating RA-Msg2 DCI, RA RNTI 0x10b, state 1, preamble_index(RAPID) 61, timing_offset = 7 (estimated distance 273.4 [m])
929.462012 [NR_MAC] I  54511: RA RNTI 8af1 CC_id 0 Scheduling retransmission of Msg3 in (545,13)
929.469512 [NR_MAC] I  546 6: RA RNTI 8af1 CC_id 0 Scheduling retransmission of Msg3 in (546,8)
929.470539 [NR_MAC] A 545.19 UE RA-RNTI 010b TC-RNTI c7f1: initiating RA procedure
929.470544 [NR_MAC] I UE c7f1: Sync beam index 0
929.473013 [NR_MAC] I UE c7f1: Msg3 scheduled at 546.18 (546.13 TDA 1) start 0 RBs 8
929.473018 [NR_MAC] A UE c7f1: 546.13 Generating RA-Msg2 DCI, RA RNTI 0x10b, state 1, preamble_index(RAPID) 45, timing_offset = 42 (estimated distance 1640.7 [m])
929.477013 [NR_MAC] I  547 1: RA RNTI 8af1 CC_id 0 Scheduling retransmission of Msg3 in (547,3)
929.482012 [NR_MAC] I  54711: RA RNTI c7f1 CC_id 0 Scheduling retransmission of Msg3 in (547,13)
929.482526 [NR_MAC] W UE 8af1 RA failed at state WAIT_Msg3 (Reached msg3 max harq rounds)
929.482531 [NR_MAC] I Remove NR rnti 0x8af1
929.489512 [NR_MAC] I  548 6: RA RNTI c7f1 CC_id 0 Scheduling retransmission of Msg3 in (548,8)
929.497013 [NR_MAC] I  549 1: RA RNTI c7f1 CC_id 0 Scheduling retransmission of Msg3 in (549,3)
929.502525 [NR_MAC] W UE c7f1 RA failed at state WAIT_Msg3 (Reached msg3 max harq rounds)
929.502532 [NR_MAC] I Remove NR rnti 0xc7f1
929.570539 [NR_MAC] A 555.19 UE RA-RNTI 010b TC-RNTI 6519: initiating RA procedure
929.570543 [NR_MAC] I UE 6519: Sync beam index 0
929.571167 [RLC]    E 46365 SDU rejected, SDU buffer full
929.573013 [NR_MAC] I UE 6519: Msg3 scheduled at 556.18 (556.13 TDA 1) start 0 RBs 8
929.573017 [NR_MAC] A UE 6519: 556.13 Generating RA-Msg2 DCI, RA RNTI 0x10b, state 1, preamble_index(RAPID) 55, timing_offset = 0 (estimated distance 0.0 [m])
929.582023 [NR_MAC] I  55711: RA RNTI 6519 CC_id 0 Scheduling retransmission of Msg3 in (557,13)
929.589513 [NR_MAC] I  558 6: RA RNTI 6519 CC_id 0 Scheduling retransmission of Msg3 in (558,8)
929.590538 [NR_MAC] A 557.19 UE RA-RNTI 010b TC-RNTI c8c4: initiating RA procedure
929.590543 [NR_MAC] I UE c8c4: Sync beam index 0
929.593013 [NR_MAC] I UE c8c4: Msg3 scheduled at 558.18 (558.13 TDA 1) start 0 RBs 8
929.593019 [NR_MAC] A UE c8c4: 558.13 Generating RA-Msg2 DCI, RA RNTI 0x10b, state 1, preamble_index(RAPID) 47, timing_offset = 14 (estimated distance 546.9 [m])
929.597013 [NR_MAC] I  559 1: RA RNTI 6519 CC_id 0 Scheduling retransmission of Msg3 in (559,3)
929.602012 [NR_MAC] I  55911: RA RNTI c8c4 CC_id 0 Scheduling retransmission of Msg3 in (559,13)
929.602526 [NR_MAC] W UE 6519 RA failed at state WAIT_Msg3 (Reached msg3 max harq rounds)
929.602531 [NR_MAC] I Remove NR rnti 0x6519
929.609513 [NR_MAC] I  560 6: RA RNTI c8c4 CC_id 0 Scheduling retransmission of Msg3 in (560,8)
929.611038 [NR_MAC] A 559.19 UE RA-RNTI 010b TC-RNTI fed1: initiating RA procedure
929.611043 [NR_MAC] I UE fed1: Sync beam index 0
929.613013 [NR_MAC] I UE fed1: Msg3 scheduled at 560.18 (560.13 TDA 1) start 0 RBs 8
929.613018 [NR_MAC] A UE fed1: 560.13 Generating RA-Msg2 DCI, RA RNTI 0x10b, state 1, preamble_index(RAPID) 55, timing_offset = 12 (estimated distance 468.8 [m])
929.617013 [NR_MAC] I  561 1: RA RNTI c8c4 CC_id 0 Scheduling retransmission of Msg3 in (561,3)
929.622012 [NR_MAC] I  56111: RA RNTI fed1 CC_id 0 Scheduling retransmission of Msg3 in (561,13)
929.622536 [NR_MAC] W UE c8c4 RA failed at state WAIT_Msg3 (Reached msg3 max harq rounds)
929.622542 [NR_MAC] I Remove NR rnti 0xc8c4
929.629513 [NR_MAC] I  562 6: RA RNTI fed1 CC_id 0 Scheduling retransmission of Msg3 in (562,8)
929.630538 [NR_MAC] A 561.19 UE RA-RNTI 010b TC-RNTI 2adf: initiating RA procedure
929.630543 [NR_MAC] I UE 2adf: Sync beam index 0
929.633013 [NR_MAC] I UE 2adf: Msg3 scheduled at 562.18 (562.13 TDA 1) start 0 RBs 8
929.633017 [NR_MAC] A UE 2adf: 562.13 Generating RA-Msg2 DCI, RA RNTI 0x10b, state 1, preamble_index(RAPID) 31, timing_offset = 7 (estimated distance 273.4 [m])
929.637012 [NR_MAC] I  563 1: RA RNTI fed1 CC_id 0 Scheduling retransmission of Msg3 in (563,3)
929.642012 [NR_MAC] I  56311: RA RNTI 2adf CC_id 0 Scheduling retransmission of Msg3 in (563,13)
929.642526 [NR_MAC] W UE fed1 RA failed at state WAIT_Msg3 (Reached msg3 max harq rounds)
929.642531 [NR_MAC] I Remove NR rnti 0xfed1
929.649513 [NR_MAC] I  564 6: RA RNTI 2adf CC_id 0 Scheduling retransmission of Msg3 in (564,8)
929.657012 [NR_MAC] I  565 1: RA RNTI 2adf CC_id 0 Scheduling retransmission of Msg3 in (565,3)
929.662526 [NR_MAC] W UE 2adf RA failed at state WAIT_Msg3 (Reached msg3 max harq rounds)
929.662531 [NR_MAC] I Remove NR rnti 0x2adf
930.406523 [NR_MAC] I Frame.Slot 640.0
UE RNTI d61c CU-UE-ID 1 in-sync PH 48 dB PCMAX 18 dBm
UE d61c: CQI 11, RI 4, PMI (4,1)
UE d61c: dlsch_rounds 8760/165/1/0, dlsch_errors 0, pucch0_DTX 0 (SNR 21.2+1.2 dB), BLER 0.01480 MCS (1) 19 CCE fail 2, goodput 0.00 Mbps
UE d61c: ulsch_rounds 1352/402/200/199, ulsch_errors 199, ulsch_DTX 784, BLER 1.00000 MCS (1) 0 (Qm 2 deltaMCS 0 dB) NPRB 23 SNR 19.6 (-0.4) dB CCE fail 0, goodput 0.00 Mbps
UE d61c: LCID 1: TX            657 RX            978 bytes
UE d61c: LCID 2: TX              0 RX              0 bytes
UE d61c: LCID 4: TX      378384156 RX         235665 bytes

930.572672 [RLC]    E 46336 SDU rejected, SDU buffer full
930.990539 [NR_MAC] A 697.19 UE RA-RNTI 010b TC-RNTI c193: initiating RA procedure
930.990546 [NR_MAC] I UE c193: Sync beam index 0
930.993014 [NR_MAC] I UE c193: Msg3 scheduled at 698.18 (698.13 TDA 1) start 0 RBs 8
930.993020 [NR_MAC] A UE c193: 698.13 Generating RA-Msg2 DCI, RA RNTI 0x10b, state 1, preamble_index(RAPID) 58, timing_offset = 7 (estimated distance 273.4 [m])
931.002013 [NR_MAC] I  69911: RA RNTI c193 CC_id 0 Scheduling retransmission of Msg3 in (699,13)
931.009514 [NR_MAC] I  700 6: RA RNTI c193 CC_id 0 Scheduling retransmission of Msg3 in (700,8)
931.010539 [NR_MAC] A 699.19 UE RA-RNTI 010b TC-RNTI d4ac: initiating RA procedure
931.010545 [NR_MAC] I UE d4ac: Sync beam index 0
931.013014 [NR_MAC] I UE d4ac: Msg3 scheduled at 700.18 (700.13 TDA 1) start 0 RBs 8
931.013019 [NR_MAC] A UE d4ac: 700.13 Generating RA-Msg2 DCI, RA RNTI 0x10b, state 1, preamble_index(RAPID) 46, timing_offset = 42 (estimated distance 1640.7 [m])
931.017014 [NR_MAC] I  701 1: RA RNTI c193 CC_id 0 Scheduling retransmission of Msg3 in (701,3)
931.022013 [NR_MAC] I  70111: RA RNTI d4ac CC_id 0 Scheduling retransmission of Msg3 in (701,13)
931.022527 [NR_MAC] W UE c193 RA failed at state WAIT_Msg3 (Reached msg3 max harq rounds)
931.022533 [NR_MAC] I Remove NR rnti 0xc193
931.029513 [NR_MAC] I  702 6: RA RNTI d4ac CC_id 0 Scheduling retransmission of Msg3 in (702,8)
931.030539 [NR_MAC] A 701.19 UE RA-RNTI 010b TC-RNTI ce1e: initiating RA procedure
931.030544 [NR_MAC] I UE ce1e: Sync beam index 0
931.033014 [NR_MAC] I UE ce1e: Msg3 scheduled at 702.18 (702.13 TDA 1) start 0 RBs 8
931.033019 [NR_MAC] A UE ce1e: 702.13 Generating RA-Msg2 DCI, RA RNTI 0x10b, state 1, preamble_index(RAPID) 30, timing_offset = 26 (estimated distance 1015.7 [m])
931.037013 [NR_MAC] I  703 1: RA RNTI d4ac CC_id 0 Scheduling retransmission of Msg3 in (703,3)
931.042013 [NR_MAC] I  70311: RA RNTI ce1e CC_id 0 Scheduling retransmission of Msg3 in (703,13)
931.042526 [NR_MAC] W UE d4ac RA failed at state WAIT_Msg3 (Reached msg3 max harq rounds)
931.042532 [NR_MAC] I Remove NR rnti 0xd4ac
931.049514 [NR_MAC] I  704 6: RA RNTI ce1e CC_id 0 Scheduling retransmission of Msg3 in (704,8)
931.057014 [NR_MAC] I  705 1: RA RNTI ce1e CC_id 0 Scheduling retransmission of Msg3 in (705,3)
931.062527 [NR_MAC] W UE ce1e RA failed at state WAIT_Msg3 (Reached msg3 max harq rounds)
931.062533 [NR_MAC] I Remove NR rnti 0xce1e
931.130539 [NR_MAC] A 711.19 UE RA-RNTI 010b TC-RNTI 22b4: initiating RA procedure
931.130544 [NR_MAC] I UE 22b4: Sync beam index 0
931.133014 [NR_MAC] I UE 22b4: Msg3 scheduled at 712.18 (712.13 TDA 1) start 0 RBs 8
931.133019 [NR_MAC] A UE 22b4: 712.13 Generating RA-Msg2 DCI, RA RNTI 0x10b, state 1, preamble_index(RAPID) 21, timing_offset = 48 (estimated distance 1875.1 [m])
931.142013 [NR_MAC] I  71311: RA RNTI 22b4 CC_id 0 Scheduling retransmission of Msg3 in (713,13)
931.149513 [NR_MAC] I  714 6: RA RNTI 22b4 CC_id 0 Scheduling retransmission of Msg3 in (714,8)
931.157014 [NR_MAC] I  715 1: RA RNTI 22b4 CC_id 0 Scheduling retransmission of Msg3 in (715,3)
931.162526 [NR_MAC] W UE 22b4 RA failed at state WAIT_Msg3 (Reached msg3 max harq rounds)
931.162532 [NR_MAC] I Remove NR rnti 0x22b4
931.573165 [RLC]    E 46564 SDU rejected, SDU buffer full
931.686523 [NR_MAC] I Frame.Slot 768.0
UE RNTI d61c CU-UE-ID 1 in-sync PH 48 dB PCMAX 18 dBm
UE d61c: CQI 11, RI 4, PMI (4,1)
UE d61c: dlsch_rounds 8760/165/1/0, dlsch_errors 0, pucch0_DTX 0 (SNR 21.2+1.2 dB), BLER 0.01480 MCS (1) 19 CCE fail 2, goodput 0.00 Mbps
UE d61c: ulsch_rounds 1362/412/210/209, ulsch_errors 209, ulsch_DTX 824, BLER 1.00000 MCS (1) 0 (Qm 2 deltaMCS 0 dB) NPRB 23 SNR 19.6 (-0.4) dB CCE fail 0, goodput 0.00 Mbps
UE d61c: LCID 1: TX            657 RX            978 bytes
UE d61c: LCID 2: TX              0 RX              0 bytes
UE d61c: LCID 4: TX      378384156 RX         235665 bytes

931.830538 [NR_MAC] A 781.19 UE RA-RNTI 010b TC-RNTI 814b: initiating RA procedure
931.830544 [NR_MAC] I UE 814b: Sync beam index 0
931.833013 [NR_MAC] I UE 814b: Msg3 scheduled at 782.18 (782.13 TDA 1) start 0 RBs 8
931.833017 [NR_MAC] A UE 814b: 782.13 Generating RA-Msg2 DCI, RA RNTI 0x10b, state 1, preamble_index(RAPID) 42, timing_offset = 19 (estimated distance 742.2 [m])
931.842012 [NR_MAC] I  78311: RA RNTI 814b CC_id 0 Scheduling retransmission of Msg3 in (783,13)
931.849512 [NR_MAC] I  784 6: RA RNTI 814b CC_id 0 Scheduling retransmission of Msg3 in (784,8)
931.850539 [NR_MAC] A 783.19 UE RA-RNTI 010b TC-RNTI 0e6f: initiating RA procedure
931.850544 [NR_MAC] I UE 0e6f: Sync beam index 0
931.853013 [NR_MAC] I UE 0e6f: Msg3 scheduled at 784.18 (784.13 TDA 1) start 0 RBs 8
931.853018 [NR_MAC] A UE 0e6f: 784.13 Generating RA-Msg2 DCI, RA RNTI 0x10b, state 1, preamble_index(RAPID) 62, timing_offset = 40 (estimated distance 1562.6 [m])
931.857012 [NR_MAC] I  785 1: RA RNTI 814b CC_id 0 Scheduling retransmission of Msg3 in (785,3)
931.862012 [NR_MAC] I  78511: RA RNTI 0e6f CC_id 0 Scheduling retransmission of Msg3 in (785,13)
931.862526 [NR_MAC] W UE 814b RA failed at state WAIT_Msg3 (Reached msg3 max harq rounds)
931.862531 [NR_MAC] I Remove NR rnti 0x814b
931.869513 [NR_MAC] I  786 6: RA RNTI 0e6f CC_id 0 Scheduling retransmission of Msg3 in (786,8)
931.870538 [NR_MAC] A 785.19 UE RA-RNTI 010b TC-RNTI 2043: initiating RA procedure
931.870543 [NR_MAC] I UE 2043: Sync beam index 0
931.873013 [NR_MAC] I UE 2043: Msg3 scheduled at 786.18 (786.13 TDA 1) start 0 RBs 8
931.873018 [NR_MAC] A UE 2043: 786.13 Generating RA-Msg2 DCI, RA RNTI 0x10b, state 1, preamble_index(RAPID) 32, timing_offset = 0 (estimated distance 0.0 [m])
931.877013 [NR_MAC] I  787 1: RA RNTI 0e6f CC_id 0 Scheduling retransmission of Msg3 in (787,3)
931.882012 [NR_MAC] I  78711: RA RNTI 2043 CC_id 0 Scheduling retransmission of Msg3 in (787,13)
931.882526 [NR_MAC] W UE 0e6f RA failed at state WAIT_Msg3 (Reached msg3 max harq rounds)
931.882531 [NR_MAC] I Remove NR rnti 0x0e6f
931.889512 [NR_MAC] I  788 6: RA RNTI 2043 CC_id 0 Scheduling retransmission of Msg3 in (788,8)
931.890551 [NR_MAC] A 787.19 UE RA-RNTI 010b TC-RNTI f588: initiating RA procedure
931.890556 [NR_MAC] I UE f588: Sync beam index 0
931.893013 [NR_MAC] I UE f588: Msg3 scheduled at 788.18 (788.13 TDA 1) start 0 RBs 8
931.893017 [NR_MAC] A UE f588: 788.13 Generating RA-Msg2 DCI, RA RNTI 0x10b, state 1, preamble_index(RAPID) 13, timing_offset = 1 (estimated distance 39.1 [m])
931.897012 [NR_MAC] I  789 1: RA RNTI 2043 CC_id 0 Scheduling retransmission of Msg3 in (789,3)
931.902012 [NR_MAC] I  78911: RA RNTI f588 CC_id 0 Scheduling retransmission of Msg3 in (789,13)
931.902526 [NR_MAC] W UE 2043 RA failed at state WAIT_Msg3 (Reached msg3 max harq rounds)
931.902532 [NR_MAC] I Remove NR rnti 0x2043
931.909512 [NR_MAC] I  790 6: RA RNTI f588 CC_id 0 Scheduling retransmission of Msg3 in (790,8)
931.910538 [NR_MAC] A 789.19 UE RA-RNTI 010b TC-RNTI 8cc9: initiating RA procedure
931.910543 [NR_MAC] I UE 8cc9: Sync beam index 0
931.913013 [NR_MAC] I UE 8cc9: Msg3 scheduled at 790.18 (790.13 TDA 1) start 0 RBs 8
931.913018 [NR_MAC] A UE 8cc9: 790.13 Generating RA-Msg2 DCI, RA RNTI 0x10b, state 1, preamble_index(RAPID) 51, timing_offset = 1 (estimated distance 39.1 [m])
931.917012 [NR_MAC] I  791 1: RA RNTI f588 CC_id 0 Scheduling retransmission of Msg3 in (791,3)
931.922012 [NR_MAC] I  79111: RA RNTI 8cc9 CC_id 0 Scheduling retransmission of Msg3 in (791,13)
931.922526 [NR_MAC] W UE f588 RA failed at state WAIT_Msg3 (Reached msg3 max harq rounds)
931.922532 [NR_MAC] I Remove NR rnti 0xf588
931.929512 [NR_MAC] I  792 6: RA RNTI 8cc9 CC_id 0 Scheduling retransmission of Msg3 in (792,8)
931.930538 [NR_MAC] A 791.19 UE RA-RNTI 010b TC-RNTI effc: initiating RA procedure
931.930543 [NR_MAC] I UE effc: Sync beam index 0
931.933013 [NR_MAC] I UE effc: Msg3 scheduled at 792.18 (792.13 TDA 1) start 0 RBs 8
931.933017 [NR_MAC] A UE effc: 792.13 Generating RA-Msg2 DCI, RA RNTI 0x10b, state 1, preamble_index(RAPID) 58, timing_offset = 0 (estimated distance 0.0 [m])
931.937012 [NR_MAC] I  793 1: RA RNTI 8cc9 CC_id 0 Scheduling retransmission of Msg3 in (793,3)
931.942012 [NR_MAC] I  79311: RA RNTI effc CC_id 0 Scheduling retransmission of Msg3 in (793,13)
931.942526 [NR_MAC] W UE 8cc9 RA failed at state WAIT_Msg3 (Reached msg3 max harq rounds)
931.942531 [NR_MAC] I Remove NR rnti 0x8cc9
931.949513 [NR_MAC] I  794 6: RA RNTI effc CC_id 0 Scheduling retransmission of Msg3 in (794,8)
931.950539 [NR_MAC] A 793.19 UE RA-RNTI 010b TC-RNTI 13c8: initiating RA procedure
931.950544 [NR_MAC] I UE 13c8: Sync beam index 0
931.953013 [NR_MAC] I UE 13c8: Msg3 scheduled at 794.18 (794.13 TDA 1) start 0 RBs 8
931.953017 [NR_MAC] A UE 13c8: 794.13 Generating RA-Msg2 DCI, RA RNTI 0x10b, state 1, preamble_index(RAPID) 59, timing_offset = 0 (estimated distance 0.0 [m])
931.957013 [NR_MAC] I  795 1: RA RNTI effc CC_id 0 Scheduling retransmission of Msg3 in (795,3)
931.962012 [NR_MAC] I  79511: RA RNTI 13c8 CC_id 0 Scheduling retransmission of Msg3 in (795,13)
931.962526 [NR_MAC] W UE effc RA failed at state WAIT_Msg3 (Reached msg3 max harq rounds)
931.962531 [NR_MAC] I Remove NR rnti 0xeffc
931.969513 [NR_MAC] I  796 6: RA RNTI 13c8 CC_id 0 Scheduling retransmission of Msg3 in (796,8)
931.970538 [NR_MAC] A 795.19 UE RA-RNTI 010b TC-RNTI 3344: initiating RA procedure
931.970540 [NR_MAC] I UE 3344: Sync beam index 0
931.973013 [NR_MAC] I UE 3344: Msg3 scheduled at 796.18 (796.13 TDA 1) start 0 RBs 8
931.973017 [NR_MAC] A UE 3344: 796.13 Generating RA-Msg2 DCI, RA RNTI 0x10b, state 1, preamble_index(RAPID) 47, timing_offset = 2 (estimated distance 78.1 [m])
931.977012 [NR_MAC] I  797 1: RA RNTI 13c8 CC_id 0 Scheduling retransmission of Msg3 in (797,3)
931.982012 [NR_MAC] I  79711: RA RNTI 3344 CC_id 0 Scheduling retransmission of Msg3 in (797,13)
931.982526 [NR_MAC] W UE 13c8 RA failed at state WAIT_Msg3 (Reached msg3 max harq rounds)
931.982531 [NR_MAC] I Remove NR rnti 0x13c8
931.989513 [NR_MAC] I  798 6: RA RNTI 3344 CC_id 0 Scheduling retransmission of Msg3 in (798,8)
931.990537 [NR_MAC] A 797.19 UE RA-RNTI 010b TC-RNTI 2c84: initiating RA procedure
931.990543 [NR_MAC] I UE 2c84: Sync beam index 0
931.993013 [NR_MAC] I UE 2c84: Msg3 scheduled at 798.18 (798.13 TDA 1) start 0 RBs 8
931.993017 [NR_MAC] A UE 2c84: 798.13 Generating RA-Msg2 DCI, RA RNTI 0x10b, state 1, preamble_index(RAPID) 4, timing_offset = 13 (estimated distance 507.8 [m])
931.997012 [NR_MAC] I  799 1: RA RNTI 3344 CC_id 0 Scheduling retransmission of Msg3 in (799,3)
932.002012 [NR_MAC] I  79911: RA RNTI 2c84 CC_id 0 Scheduling retransmission of Msg3 in (799,13)
932.002526 [NR_MAC] W UE 3344 RA failed at state WAIT_Msg3 (Reached msg3 max harq rounds)
932.002532 [NR_MAC] I Remove NR rnti 0x3344
932.009512 [NR_MAC] I  800 6: RA RNTI 2c84 CC_id 0 Scheduling retransmission of Msg3 in (800,8)
932.010539 [NR_MAC] A 799.19 UE RA-RNTI 010b TC-RNTI 43e5: initiating RA procedure
932.010544 [NR_MAC] I UE 43e5: Sync beam index 0
932.013013 [NR_MAC] I UE 43e5: Msg3 scheduled at 800.18 (800.13 TDA 1) start 0 RBs 8
932.013019 [NR_MAC] A UE 43e5: 800.13 Generating RA-Msg2 DCI, RA RNTI 0x10b, state 1, preamble_index(RAPID) 10, timing_offset = 13 (estimated distance 507.8 [m])
932.017012 [NR_MAC] I  801 1: RA RNTI 2c84 CC_id 0 Scheduling retransmission of Msg3 in (801,3)
932.022012 [NR_MAC] I  80111: RA RNTI 43e5 CC_id 0 Scheduling retransmission of Msg3 in (801,13)
932.022525 [NR_MAC] W UE 2c84 RA failed at state WAIT_Msg3 (Reached msg3 max harq rounds)
932.022531 [NR_MAC] I Remove NR rnti 0x2c84
932.029512 [NR_MAC] I  802 6: RA RNTI 43e5 CC_id 0 Scheduling retransmission of Msg3 in (802,8)
932.037013 [NR_MAC] I  803 1: RA RNTI 43e5 CC_id 0 Scheduling retransmission of Msg3 in (803,3)
932.042525 [NR_MAC] W UE 43e5 RA failed at state WAIT_Msg3 (Reached msg3 max harq rounds)
932.042531 [NR_MAC] I Remove NR rnti 0x43e5
932.574405 [RLC]    E 46427 SDU rejected, SDU buffer full
932.830526 [NR_MAC] A 881.19 UE RA-RNTI 010b TC-RNTI c56c: initiating RA procedure
932.830533 [NR_MAC] I UE c56c: Sync beam index 0
932.833013 [NR_MAC] I UE c56c: Msg3 scheduled at 882.18 (882.13 TDA 1) start 0 RBs 8
932.833019 [NR_MAC] A UE c56c: 882.13 Generating RA-Msg2 DCI, RA RNTI 0x10b, state 1, preamble_index(RAPID) 35, timing_offset = 24 (estimated distance 937.5 [m])
932.842012 [NR_MAC] I  88311: RA RNTI c56c CC_id 0 Scheduling retransmission of Msg3 in (883,13)
932.849512 [NR_MAC] I  884 6: RA RNTI c56c CC_id 0 Scheduling retransmission of Msg3 in (884,8)
932.857013 [NR_MAC] I  885 1: RA RNTI c56c CC_id 0 Scheduling retransmission of Msg3 in (885,3)
932.862536 [NR_MAC] W UE c56c RA failed at state WAIT_Msg3 (Reached msg3 max harq rounds)
932.862542 [NR_MAC] I Remove NR rnti 0xc56c
932.930538 [NR_MAC] A 891.19 UE RA-RNTI 010b TC-RNTI 05f6: initiating RA procedure
932.930544 [NR_MAC] I UE 05f6: Sync beam index 0
932.933013 [NR_MAC] I UE 05f6: Msg3 scheduled at 892.18 (892.13 TDA 1) start 0 RBs 8
932.933020 [NR_MAC] A UE 05f6: 892.13 Generating RA-Msg2 DCI, RA RNTI 0x10b, state 1, preamble_index(RAPID) 56, timing_offset = 46 (estimated distance 1797.0 [m])
932.942012 [NR_MAC] I  89311: RA RNTI 05f6 CC_id 0 Scheduling retransmission of Msg3 in (893,13)
932.949512 [NR_MAC] I  894 6: RA RNTI 05f6 CC_id 0 Scheduling retransmission of Msg3 in (894,8)
932.950538 [NR_MAC] A 893.19 UE RA-RNTI 010b TC-RNTI 003c: initiating RA procedure
932.950542 [NR_MAC] I UE 003c: Sync beam index 0
932.953013 [NR_MAC] I UE 003c: Msg3 scheduled at 894.18 (894.13 TDA 1) start 0 RBs 8
932.953017 [NR_MAC] A UE 003c: 894.13 Generating RA-Msg2 DCI, RA RNTI 0x10b, state 1, preamble_index(RAPID) 12, timing_offset = 3 (estimated distance 117.2 [m])
932.957012 [NR_MAC] I  895 1: RA RNTI 05f6 CC_id 0 Scheduling retransmission of Msg3 in (895,3)
932.962012 [NR_MAC] I  89511: RA RNTI 003c CC_id 0 Scheduling retransmission of Msg3 in (895,13)
932.962526 [NR_MAC] W UE 05f6 RA failed at state WAIT_Msg3 (Reached msg3 max harq rounds)
932.962532 [NR_MAC] I Remove NR rnti 0x05f6
932.966521 [NR_MAC] I Frame.Slot 896.0
UE RNTI d61c CU-UE-ID 1 in-sync PH 48 dB PCMAX 18 dBm
UE d61c: CQI 11, RI 4, PMI (4,1)
UE d61c: dlsch_rounds 8760/165/1/0, dlsch_errors 0, pucch0_DTX 0 (SNR 21.2+1.2 dB), BLER 0.01480 MCS (1) 19 CCE fail 2, goodput 0.00 Mbps
UE d61c: ulsch_rounds 1373/423/221/220, ulsch_errors 220, ulsch_DTX 868, BLER 1.00000 MCS (1) 0 (Qm 2 deltaMCS 0 dB) NPRB 23 SNR 19.6 (-0.4) dB CCE fail 0, goodput 0.00 Mbps
UE d61c: LCID 1: TX            657 RX            978 bytes
UE d61c: LCID 2: TX              0 RX              0 bytes
UE d61c: LCID 4: TX      378384156 RX         235665 bytes

932.969513 [NR_MAC] I  896 6: RA RNTI 003c CC_id 0 Scheduling retransmission of Msg3 in (896,8)
932.970538 [NR_MAC] A 895.19 UE RA-RNTI 010b TC-RNTI 01a4: initiating RA procedure
932.970540 [NR_MAC] I UE 01a4: Sync beam index 0
932.973013 [NR_MAC] I UE 01a4: Msg3 scheduled at 896.18 (896.13 TDA 1) start 0 RBs 8
932.973016 [NR_MAC] A UE 01a4: 896.13 Generating RA-Msg2 DCI, RA RNTI 0x10b, state 1, preamble_index(RAPID) 33, timing_offset = 16 (estimated distance 625.0 [m])
932.977012 [NR_MAC] I  897 1: RA RNTI 003c CC_id 0 Scheduling retransmission of Msg3 in (897,3)
932.982012 [NR_MAC] I  89711: RA RNTI 01a4 CC_id 0 Scheduling retransmission of Msg3 in (897,13)
932.982525 [NR_MAC] W UE 003c RA failed at state WAIT_Msg3 (Reached msg3 max harq rounds)
932.982531 [NR_MAC] I Remove NR rnti 0x003c
932.989513 [NR_MAC] I  898 6: RA RNTI 01a4 CC_id 0 Scheduling retransmission of Msg3 in (898,8)
932.990538 [NR_MAC] A 897.19 UE RA-RNTI 010b TC-RNTI 49e5: initiating RA procedure
932.990543 [NR_MAC] I UE 49e5: Sync beam index 0
932.993013 [NR_MAC] I UE 49e5: Msg3 scheduled at 898.18 (898.13 TDA 1) start 0 RBs 8
932.993018 [NR_MAC] A UE 49e5: 898.13 Generating RA-Msg2 DCI, RA RNTI 0x10b, state 1, preamble_index(RAPID) 30, timing_offset = 4 (estimated distance 156.3 [m])
932.997013 [NR_MAC] I  899 1: RA RNTI 01a4 CC_id 0 Scheduling retransmission of Msg3 in (899,3)
933.002012 [NR_MAC] I  89911: RA RNTI 49e5 CC_id 0 Scheduling retransmission of Msg3 in (899,13)
933.002526 [NR_MAC] W UE 01a4 RA failed at state WAIT_Msg3 (Reached msg3 max harq rounds)
933.002532 [NR_MAC] I Remove NR rnti 0x01a4
933.009513 [NR_MAC] I  900 6: RA RNTI 49e5 CC_id 0 Scheduling retransmission of Msg3 in (900,8)
933.010538 [NR_MAC] A 899.19 UE RA-RNTI 010b TC-RNTI 77a2: initiating RA procedure
933.010543 [NR_MAC] I UE 77a2: Sync beam index 0
933.013013 [NR_MAC] I UE 77a2: Msg3 scheduled at 900.18 (900.13 TDA 1) start 0 RBs 8
933.013018 [NR_MAC] A UE 77a2: 900.13 Generating RA-Msg2 DCI, RA RNTI 0x10b, state 1, preamble_index(RAPID) 47, timing_offset = 2 (estimated distance 78.1 [m])
933.017012 [NR_MAC] I  901 1: RA RNTI 49e5 CC_id 0 Scheduling retransmission of Msg3 in (901,3)
933.022012 [NR_MAC] I  90111: RA RNTI 77a2 CC_id 0 Scheduling retransmission of Msg3 in (901,13)
933.022525 [NR_MAC] W UE 49e5 RA failed at state WAIT_Msg3 (Reached msg3 max harq rounds)
933.022531 [NR_MAC] I Remove NR rnti 0x49e5
933.029512 [NR_MAC] I  902 6: RA RNTI 77a2 CC_id 0 Scheduling retransmission of Msg3 in (902,8)
933.037012 [NR_MAC] I  903 1: RA RNTI 77a2 CC_id 0 Scheduling retransmission of Msg3 in (903,3)
933.042525 [NR_MAC] W UE 77a2 RA failed at state WAIT_Msg3 (Reached msg3 max harq rounds)
933.042531 [NR_MAC] I Remove NR rnti 0x77a2
933.570539 [NR_MAC] A 955.19 UE RA-RNTI 010b TC-RNTI 048d: initiating RA procedure
933.570546 [NR_MAC] I UE 048d: Sync beam index 0
933.573014 [NR_MAC] I UE 048d: Msg3 scheduled at 956.18 (956.13 TDA 1) start 0 RBs 8
933.573018 [NR_MAC] A UE 048d: 956.13 Generating RA-Msg2 DCI, RA RNTI 0x10b, state 1, preamble_index(RAPID) 28, timing_offset = 8 (estimated distance 312.5 [m])
933.575811 [RLC]    E 46396 SDU rejected, SDU buffer full
933.582013 [NR_MAC] I  95711: RA RNTI 048d CC_id 0 Scheduling retransmission of Msg3 in (957,13)
933.589513 [NR_MAC] I  958 6: RA RNTI 048d CC_id 0 Scheduling retransmission of Msg3 in (958,8)
933.597013 [NR_MAC] I  959 1: RA RNTI 048d CC_id 0 Scheduling retransmission of Msg3 in (959,3)
933.602526 [NR_MAC] W UE 048d RA failed at state WAIT_Msg3 (Reached msg3 max harq rounds)
933.602532 [NR_MAC] I Remove NR rnti 0x048d
933.670528 [NR_MAC] A 965.19 UE RA-RNTI 010b TC-RNTI da91: initiating RA procedure
933.670533 [NR_MAC] I UE da91: Sync beam index 0
933.673014 [NR_MAC] I UE da91: Msg3 scheduled at 966.18 (966.13 TDA 1) start 0 RBs 8
933.673015 [NR_MAC] A UE da91: 966.13 Generating RA-Msg2 DCI, RA RNTI 0x10b, state 1, preamble_index(RAPID) 43, timing_offset = 19 (estimated distance 742.2 [m])
933.682013 [NR_MAC] I  96711: RA RNTI da91 CC_id 0 Scheduling retransmission of Msg3 in (967,13)
933.689514 [NR_MAC] I  968 6: RA RNTI da91 CC_id 0 Scheduling retransmission of Msg3 in (968,8)
933.690539 [NR_MAC] A 967.19 UE RA-RNTI 010b TC-RNTI 5499: initiating RA procedure
933.690543 [NR_MAC] I UE 5499: Sync beam index 0
933.693014 [NR_MAC] I UE 5499: Msg3 scheduled at 968.18 (968.13 TDA 1) start 0 RBs 8
933.693018 [NR_MAC] A UE 5499: 968.13 Generating RA-Msg2 DCI, RA RNTI 0x10b, state 1, preamble_index(RAPID) 29, timing_offset = 0 (estimated distance 0.0 [m])
933.697014 [NR_MAC] I  969 1: RA RNTI da91 CC_id 0 Scheduling retransmission of Msg3 in (969,3)
933.702014 [NR_MAC] I  96911: RA RNTI 5499 CC_id 0 Scheduling retransmission of Msg3 in (969,13)
933.702527 [NR_MAC] W UE da91 RA failed at state WAIT_Msg3 (Reached msg3 max harq rounds)
933.702529 [NR_MAC] I Remove NR rnti 0xda91
933.709514 [NR_MAC] I  970 6: RA RNTI 5499 CC_id 0 Scheduling retransmission of Msg3 in (970,8)
933.717014 [NR_MAC] I  971 1: RA RNTI 5499 CC_id 0 Scheduling retransmission of Msg3 in (971,3)
933.722526 [NR_MAC] W UE 5499 RA failed at state WAIT_Msg3 (Reached msg3 max harq rounds)
933.722531 [NR_MAC] I Remove NR rnti 0x5499
934.230538 [NR_MAC] A 1021.19 UE RA-RNTI 010b TC-RNTI b327: initiating RA procedure
934.230544 [NR_MAC] I UE b327: Sync beam index 0
934.233013 [NR_MAC] I UE b327: Msg3 scheduled at 1022.18 (1022.13 TDA 1) start 0 RBs 8
934.233017 [NR_MAC] A UE b327: 1022.13 Generating RA-Msg2 DCI, RA RNTI 0x10b, state 1, preamble_index(RAPID) 7, timing_offset = 26 (estimated distance 1015.7 [m])
934.242013 [NR_MAC] I 102311: RA RNTI b327 CC_id 0 Scheduling retransmission of Msg3 in (1023,13)
934.246521 [NR_MAC] I Frame.Slot 0.0
UE RNTI d61c CU-UE-ID 1 in-sync PH 48 dB PCMAX 18 dBm
UE d61c: CQI 11, RI 4, PMI (4,1)
UE d61c: dlsch_rounds 8760/165/1/0, dlsch_errors 0, pucch0_DTX 0 (SNR 21.2+1.2 dB), BLER 0.01480 MCS (1) 19 CCE fail 2, goodput 0.00 Mbps
UE d61c: ulsch_rounds 1384/434/232/231, ulsch_errors 231, ulsch_DTX 912, BLER 1.00000 MCS (1) 0 (Qm 2 deltaMCS 0 dB) NPRB 23 SNR 19.6 (-0.4) dB CCE fail 0, goodput 0.00 Mbps
UE d61c: LCID 1: TX            657 RX            978 bytes
UE d61c: LCID 2: TX              0 RX              0 bytes
UE d61c: LCID 4: TX      378384156 RX         235665 bytes

934.249513 [NR_MAC] I    0 6: RA RNTI b327 CC_id 0 Scheduling retransmission of Msg3 in (0,8)
934.250539 [NR_MAC] A 1023.19 UE RA-RNTI 010b TC-RNTI 4240: initiating RA procedure
934.250543 [NR_MAC] I UE 4240: Sync beam index 0
934.253013 [NR_MAC] I UE 4240: Msg3 scheduled at 0.18 (0.13 TDA 1) start 0 RBs 8
934.253017 [NR_MAC] A UE 4240: 0.13 Generating RA-Msg2 DCI, RA RNTI 0x10b, state 1, preamble_index(RAPID) 49, timing_offset = 19 (estimated distance 742.2 [m])
934.257013 [NR_MAC] I    1 1: RA RNTI b327 CC_id 0 Scheduling retransmission of Msg3 in (1,3)
934.262012 [NR_MAC] I    111: RA RNTI 4240 CC_id 0 Scheduling retransmission of Msg3 in (1,13)
934.262526 [NR_MAC] W UE b327 RA failed at state WAIT_Msg3 (Reached msg3 max harq rounds)
934.262527 [NR_MAC] I Remove NR rnti 0xb327
934.269512 [NR_MAC] I    2 6: RA RNTI 4240 CC_id 0 Scheduling retransmission of Msg3 in (2,8)
934.277013 [NR_MAC] I    3 1: RA RNTI 4240 CC_id 0 Scheduling retransmission of Msg3 in (3,3)
934.282525 [NR_MAC] W UE 4240 RA failed at state WAIT_Msg3 (Reached msg3 max harq rounds)
934.282531 [NR_MAC] I Remove NR rnti 0x4240
934.350537 [NR_MAC] A 9.19 UE RA-RNTI 010b TC-RNTI 4b55: initiating RA procedure
934.350543 [NR_MAC] I UE 4b55: Sync beam index 0
934.353013 [NR_MAC] I UE 4b55: Msg3 scheduled at 10.18 (10.13 TDA 1) start 0 RBs 8
934.353017 [NR_MAC] A UE 4b55: 10.13 Generating RA-Msg2 DCI, RA RNTI 0x10b, state 1, preamble_index(RAPID) 34, timing_offset = 0 (estimated distance 0.0 [m])
934.362012 [NR_MAC] I   1111: RA RNTI 4b55 CC_id 0 Scheduling retransmission of Msg3 in (11,13)
934.369513 [NR_MAC] I   12 6: RA RNTI 4b55 CC_id 0 Scheduling retransmission of Msg3 in (12,8)
934.370539 [NR_MAC] A 11.19 UE RA-RNTI 010b TC-RNTI e1d0: initiating RA procedure
934.370540 [NR_MAC] I UE e1d0: Sync beam index 0
934.373013 [NR_MAC] I UE e1d0: Msg3 scheduled at 12.18 (12.13 TDA 1) start 0 RBs 8
934.373017 [NR_MAC] A UE e1d0: 12.13 Generating RA-Msg2 DCI, RA RNTI 0x10b, state 1, preamble_index(RAPID) 56, timing_offset = 35 (estimated distance 1367.2 [m])
934.377012 [NR_MAC] I   13 1: RA RNTI 4b55 CC_id 0 Scheduling retransmission of Msg3 in (13,3)
934.382012 [NR_MAC] I   1311: RA RNTI e1d0 CC_id 0 Scheduling retransmission of Msg3 in (13,13)
934.382526 [NR_MAC] W UE 4b55 RA failed at state WAIT_Msg3 (Reached msg3 max harq rounds)
934.382527 [NR_MAC] I Remove NR rnti 0x4b55
934.389513 [NR_MAC] I   14 6: RA RNTI e1d0 CC_id 0 Scheduling retransmission of Msg3 in (14,8)
934.390538 [NR_MAC] A 13.19 UE RA-RNTI 010b TC-RNTI 662b: initiating RA procedure
934.390544 [NR_MAC] I UE 662b: Sync beam index 0
934.393013 [NR_MAC] I UE 662b: Msg3 scheduled at 14.18 (14.13 TDA 1) start 0 RBs 8
934.393015 [NR_MAC] A UE 662b: 14.13 Generating RA-Msg2 DCI, RA RNTI 0x10b, state 1, preamble_index(RAPID) 42, timing_offset = 4 (estimated distance 156.3 [m])
934.397012 [NR_MAC] I   15 1: RA RNTI e1d0 CC_id 0 Scheduling retransmission of Msg3 in (15,3)
934.402013 [NR_MAC] I   1511: RA RNTI 662b CC_id 0 Scheduling retransmission of Msg3 in (15,13)
934.402526 [NR_MAC] W UE e1d0 RA failed at state WAIT_Msg3 (Reached msg3 max harq rounds)
934.402527 [NR_MAC] I Remove NR rnti 0xe1d0
934.409513 [NR_MAC] I   16 6: RA RNTI 662b CC_id 0 Scheduling retransmission of Msg3 in (16,8)
934.410538 [NR_MAC] A 15.19 UE RA-RNTI 010b TC-RNTI 5419: initiating RA procedure
934.410542 [NR_MAC] I UE 5419: Sync beam index 0
934.413013 [NR_MAC] I UE 5419: Msg3 scheduled at 16.18 (16.13 TDA 1) start 0 RBs 8
934.413014 [NR_MAC] A UE 5419: 16.13 Generating RA-Msg2 DCI, RA RNTI 0x10b, state 1, preamble_index(RAPID) 51, timing_offset = 2 (estimated distance 78.1 [m])
934.417012 [NR_MAC] I   17 1: RA RNTI 662b CC_id 0 Scheduling retransmission of Msg3 in (17,3)
934.422012 [NR_MAC] I   1711: RA RNTI 5419 CC_id 0 Scheduling retransmission of Msg3 in (17,13)
934.422526 [NR_MAC] W UE 662b RA failed at state WAIT_Msg3 (Reached msg3 max harq rounds)
934.422531 [NR_MAC] I Remove NR rnti 0x662b
934.429512 [NR_MAC] I   18 6: RA RNTI 5419 CC_id 0 Scheduling retransmission of Msg3 in (18,8)
934.437012 [NR_MAC] I   19 1: RA RNTI 5419 CC_id 0 Scheduling retransmission of Msg3 in (19,3)
934.442525 [NR_MAC] W UE 5419 RA failed at state WAIT_Msg3 (Reached msg3 max harq rounds)
934.442527 [NR_MAC] I Remove NR rnti 0x5419
934.577547 [RLC]    E 46472 SDU rejected, SDU buffer full
934.850538 [NR_MAC] A 59.19 UE RA-RNTI 010b TC-RNTI 79f9: initiating RA procedure
934.850545 [NR_MAC] I UE 79f9: Sync beam index 0
934.853014 [NR_MAC] I UE 79f9: Msg3 scheduled at 60.18 (60.13 TDA 1) start 0 RBs 8
934.853018 [NR_MAC] A UE 79f9: 60.13 Generating RA-Msg2 DCI, RA RNTI 0x10b, state 1, preamble_index(RAPID) 22, timing_offset = 44 (estimated distance 1718.8 [m])
934.862012 [NR_MAC] I   6111: RA RNTI 79f9 CC_id 0 Scheduling retransmission of Msg3 in (61,13)
934.869512 [NR_MAC] I   62 6: RA RNTI 79f9 CC_id 0 Scheduling retransmission of Msg3 in (62,8)
934.870538 [NR_MAC] A 61.19 UE RA-RNTI 010b TC-RNTI d870: initiating RA procedure
934.870543 [NR_MAC] I UE d870: Sync beam index 0
934.873013 [NR_MAC] I UE d870: Msg3 scheduled at 62.18 (62.13 TDA 1) start 0 RBs 8
934.873017 [NR_MAC] A UE d870: 62.13 Generating RA-Msg2 DCI, RA RNTI 0x10b, state 1, preamble_index(RAPID) 8, timing_offset = 52 (estimated distance 2031.3 [m])
934.877013 [NR_MAC] I   63 1: RA RNTI 79f9 CC_id 0 Scheduling retransmission of Msg3 in (63,3)
934.882012 [NR_MAC] I   6311: RA RNTI d870 CC_id 0 Scheduling retransmission of Msg3 in (63,13)
934.882526 [NR_MAC] W UE 79f9 RA failed at state WAIT_Msg3 (Reached msg3 max harq rounds)
934.882532 [NR_MAC] I Remove NR rnti 0x79f9
934.889512 [NR_MAC] I   64 6: RA RNTI d870 CC_id 0 Scheduling retransmission of Msg3 in (64,8)
934.897012 [NR_MAC] I   65 1: RA RNTI d870 CC_id 0 Scheduling retransmission of Msg3 in (65,3)
934.902525 [NR_MAC] W UE d870 RA failed at state WAIT_Msg3 (Reached msg3 max harq rounds)
934.902531 [NR_MAC] I Remove NR rnti 0xd870
934.970538 [NR_MAC] A 71.19 UE RA-RNTI 010b TC-RNTI baeb: initiating RA procedure
934.970543 [NR_MAC] I UE baeb: Sync beam index 0
934.973014 [NR_MAC] I UE baeb: Msg3 scheduled at 72.18 (72.13 TDA 1) start 0 RBs 8
934.973017 [NR_MAC] A UE baeb: 72.13 Generating RA-Msg2 DCI, RA RNTI 0x10b, state 1, preamble_index(RAPID) 34, timing_offset = 0 (estimated distance 0.0 [m])
934.982012 [NR_MAC] I   7311: RA RNTI baeb CC_id 0 Scheduling retransmission of Msg3 in (73,13)
934.989513 [NR_MAC] I   74 6: RA RNTI baeb CC_id 0 Scheduling retransmission of Msg3 in (74,8)
934.990538 [NR_MAC] A 73.19 UE RA-RNTI 010b TC-RNTI 350d: initiating RA procedure
934.990543 [NR_MAC] I UE 350d: Sync beam index 0
934.993013 [NR_MAC] I UE 350d: Msg3 scheduled at 74.18 (74.13 TDA 1) start 0 RBs 8
934.993018 [NR_MAC] A UE 350d: 74.13 Generating RA-Msg2 DCI, RA RNTI 0x10b, state 1, preamble_index(RAPID) 4, timing_offset = 7 (estimated distance 273.4 [m])
934.997012 [NR_MAC] I   75 1: RA RNTI baeb CC_id 0 Scheduling retransmission of Msg3 in (75,3)
935.002012 [NR_MAC] I   7511: RA RNTI 350d CC_id 0 Scheduling retransmission of Msg3 in (75,13)
935.002526 [NR_MAC] W UE baeb RA failed at state WAIT_Msg3 (Reached msg3 max harq rounds)
935.002532 [NR_MAC] I Remove NR rnti 0xbaeb
935.009513 [NR_MAC] I   76 6: RA RNTI 350d CC_id 0 Scheduling retransmission of Msg3 in (76,8)
935.010538 [NR_MAC] A 75.19 UE RA-RNTI 010b TC-RNTI c4e0: initiating RA procedure
935.010542 [NR_MAC] I UE c4e0: Sync beam index 0
935.013013 [NR_MAC] I UE c4e0: Msg3 scheduled at 76.18 (76.13 TDA 1) start 0 RBs 8
935.013018 [NR_MAC] A UE c4e0: 76.13 Generating RA-Msg2 DCI, RA RNTI 0x10b, state 1, preamble_index(RAPID) 51, timing_offset = 3 (estimated distance 117.2 [m])
935.017013 [NR_MAC] I   77 1: RA RNTI 350d CC_id 0 Scheduling retransmission of Msg3 in (77,3)
935.022012 [NR_MAC] I   7711: RA RNTI c4e0 CC_id 0 Scheduling retransmission of Msg3 in (77,13)
935.022526 [NR_MAC] W UE 350d RA failed at state WAIT_Msg3 (Reached msg3 max harq rounds)
935.022532 [NR_MAC] I Remove NR rnti 0x350d
935.029512 [NR_MAC] I   78 6: RA RNTI c4e0 CC_id 0 Scheduling retransmission of Msg3 in (78,8)
935.030539 [NR_MAC] A 77.19 UE RA-RNTI 010b TC-RNTI 491d: initiating RA procedure
935.030545 [NR_MAC] I UE 491d: Sync beam index 0
935.033013 [NR_MAC] I UE 491d: Msg3 scheduled at 78.18 (78.13 TDA 1) start 0 RBs 8
935.033018 [NR_MAC] A UE 491d: 78.13 Generating RA-Msg2 DCI, RA RNTI 0x10b, state 1, preamble_index(RAPID) 20, timing_offset = 13 (estimated distance 507.8 [m])
935.037013 [NR_MAC] I   79 1: RA RNTI c4e0 CC_id 0 Scheduling retransmission of Msg3 in (79,3)
935.042012 [NR_MAC] I   7911: RA RNTI 491d CC_id 0 Scheduling retransmission of Msg3 in (79,13)
935.042526 [NR_MAC] W UE c4e0 RA failed at state WAIT_Msg3 (Reached msg3 max harq rounds)
935.042531 [NR_MAC] I Remove NR rnti 0xc4e0
935.049523 [NR_MAC] I   80 6: RA RNTI 491d CC_id 0 Scheduling retransmission of Msg3 in (80,8)
935.057012 [NR_MAC] I   81 1: RA RNTI 491d CC_id 0 Scheduling retransmission of Msg3 in (81,3)
935.062526 [NR_MAC] W UE 491d RA failed at state WAIT_Msg3 (Reached msg3 max harq rounds)
935.062531 [NR_MAC] I Remove NR rnti 0x491d
935.526522 [NR_MAC] I Frame.Slot 128.0
UE RNTI d61c CU-UE-ID 1 in-sync PH 48 dB PCMAX 18 dBm
UE d61c: CQI 11, RI 4, PMI (4,1)
UE d61c: dlsch_rounds 8760/165/1/0, dlsch_errors 0, pucch0_DTX 0 (SNR 21.2+1.2 dB), BLER 0.01480 MCS (1) 19 CCE fail 2, goodput 0.00 Mbps
UE d61c: ulsch_rounds 1394/444/242/241, ulsch_errors 241, ulsch_DTX 952, BLER 1.00000 MCS (1) 0 (Qm 2 deltaMCS 0 dB) NPRB 23 SNR 19.6 (-0.4) dB CCE fail 0, goodput 0.00 Mbps
UE d61c: LCID 1: TX            657 RX            978 bytes
UE d61c: LCID 2: TX              0 RX              0 bytes
UE d61c: LCID 4: TX      378384156 RX         235665 bytes

935.578474 [RLC]    E 46457 SDU rejected, SDU buffer full
935.830528 [NR_MAC] A 157.19 UE RA-RNTI 010b TC-RNTI bf2e: initiating RA procedure
935.830534 [NR_MAC] I UE bf2e: Sync beam index 0
935.833014 [NR_MAC] I UE bf2e: Msg3 scheduled at 158.18 (158.13 TDA 1) start 0 RBs 8
935.833020 [NR_MAC] A UE bf2e: 158.13 Generating RA-Msg2 DCI, RA RNTI 0x10b, state 1, preamble_index(RAPID) 14, timing_offset = 48 (estimated distance 1875.1 [m])
935.842013 [NR_MAC] I  15911: RA RNTI bf2e CC_id 0 Scheduling retransmission of Msg3 in (159,13)
935.849514 [NR_MAC] I  160 6: RA RNTI bf2e CC_id 0 Scheduling retransmission of Msg3 in (160,8)
935.857013 [NR_MAC] I  161 1: RA RNTI bf2e CC_id 0 Scheduling retransmission of Msg3 in (161,3)
935.862527 [NR_MAC] W UE bf2e RA failed at state WAIT_Msg3 (Reached msg3 max harq rounds)
935.862533 [NR_MAC] I Remove NR rnti 0xbf2e
935.930539 [NR_MAC] A 167.19 UE RA-RNTI 010b TC-RNTI 4b2e: initiating RA procedure
935.930544 [NR_MAC] I UE 4b2e: Sync beam index 0
935.933014 [NR_MAC] I UE 4b2e: Msg3 scheduled at 168.18 (168.13 TDA 1) start 0 RBs 8
935.933020 [NR_MAC] A UE 4b2e: 168.13 Generating RA-Msg2 DCI, RA RNTI 0x10b, state 1, preamble_index(RAPID) 58, timing_offset = 62 (estimated distance 2422.0 [m])
935.942013 [NR_MAC] I  16911: RA RNTI 4b2e CC_id 0 Scheduling retransmission of Msg3 in (169,13)
935.949514 [NR_MAC] I  170 6: RA RNTI 4b2e CC_id 0 Scheduling retransmission of Msg3 in (170,8)
935.957014 [NR_MAC] I  171 1: RA RNTI 4b2e CC_id 0 Scheduling retransmission of Msg3 in (171,3)
935.962527 [NR_MAC] W UE 4b2e RA failed at state WAIT_Msg3 (Reached msg3 max harq rounds)
935.962532 [NR_MAC] I Remove NR rnti 0x4b2e
936.030539 [NR_MAC] A 177.19 UE RA-RNTI 010b TC-RNTI 8687: initiating RA procedure
936.030544 [NR_MAC] I UE 8687: Sync beam index 0
936.033014 [NR_MAC] I UE 8687: Msg3 scheduled at 178.18 (178.13 TDA 1) start 0 RBs 8
936.033021 [NR_MAC] A UE 8687: 178.13 Generating RA-Msg2 DCI, RA RNTI 0x10b, state 1, preamble_index(RAPID) 8, timing_offset = 0 (estimated distance 0.0 [m])
936.042013 [NR_MAC] I  17911: RA RNTI 8687 CC_id 0 Scheduling retransmission of Msg3 in (179,13)
936.049513 [NR_MAC] I  180 6: RA RNTI 8687 CC_id 0 Scheduling retransmission of Msg3 in (180,8)
936.057013 [NR_MAC] I  181 1: RA RNTI 8687 CC_id 0 Scheduling retransmission of Msg3 in (181,3)
936.062526 [NR_MAC] W UE 8687 RA failed at state WAIT_Msg3 (Reached msg3 max harq rounds)
936.062533 [NR_MAC] I Remove NR rnti 0x8687
936.579475 [RLC]    E 46412 SDU rejected, SDU buffer full
936.806523 [NR_MAC] I Frame.Slot 256.0
UE RNTI d61c CU-UE-ID 1 in-sync PH 48 dB PCMAX 18 dBm
UE d61c: CQI 11, RI 4, PMI (4,1)
UE d61c: dlsch_rounds 8760/165/1/0, dlsch_errors 0, pucch0_DTX 0 (SNR 21.2+1.2 dB), BLER 0.01480 MCS (1) 19 CCE fail 2, goodput 0.00 Mbps
UE d61c: ulsch_rounds 1405/455/253/252, ulsch_errors 252, ulsch_DTX 996, BLER 1.00000 MCS (1) 0 (Qm 2 deltaMCS 0 dB) NPRB 23 SNR 19.6 (-0.4) dB CCE fail 0, goodput 0.00 Mbps
UE d61c: LCID 1: TX            657 RX            978 bytes
UE d61c: LCID 2: TX              0 RX              0 bytes
UE d61c: LCID 4: TX      378384156 RX         235665 bytes

936.870538 [NR_MAC] A 261.19 UE RA-RNTI 010b TC-RNTI 0c6e: initiating RA procedure
936.870542 [NR_MAC] I UE 0c6e: Sync beam index 0
936.873014 [NR_MAC] I UE 0c6e: Msg3 scheduled at 262.18 (262.13 TDA 1) start 0 RBs 8
936.873020 [NR_MAC] A UE 0c6e: 262.13 Generating RA-Msg2 DCI, RA RNTI 0x10b, state 1, preamble_index(RAPID) 3, timing_offset = 4 (estimated distance 156.3 [m])
936.882012 [NR_MAC] I  26311: RA RNTI 0c6e CC_id 0 Scheduling retransmission of Msg3 in (263,13)
936.889513 [NR_MAC] I  264 6: RA RNTI 0c6e CC_id 0 Scheduling retransmission of Msg3 in (264,8)
936.897012 [NR_MAC] I  265 1: RA RNTI 0c6e CC_id 0 Scheduling retransmission of Msg3 in (265,3)
936.902525 [NR_MAC] W UE 0c6e RA failed at state WAIT_Msg3 (Reached msg3 max harq rounds)
936.902531 [NR_MAC] I Remove NR rnti 0x0c6e
936.970538 [NR_MAC] A 271.19 UE RA-RNTI 010b TC-RNTI 2f59: initiating RA procedure
936.970543 [NR_MAC] I UE 2f59: Sync beam index 0
936.973013 [NR_MAC] I UE 2f59: Msg3 scheduled at 272.18 (272.13 TDA 1) start 0 RBs 8
936.973017 [NR_MAC] A UE 2f59: 272.13 Generating RA-Msg2 DCI, RA RNTI 0x10b, state 1, preamble_index(RAPID) 48, timing_offset = 19 (estimated distance 742.2 [m])
936.973064 [NR_MAC] W  272. 4 UE d61c: Detected UL Failure on PUSCH after 1000 PUSCH DTX, stopping scheduling
936.982012 [NR_MAC] I  27311: RA RNTI 2f59 CC_id 0 Scheduling retransmission of Msg3 in (273,13)
936.989513 [NR_MAC] I  274 6: RA RNTI 2f59 CC_id 0 Scheduling retransmission of Msg3 in (274,8)
936.997012 [NR_MAC] I  275 1: RA RNTI 2f59 CC_id 0 Scheduling retransmission of Msg3 in (275,3)
937.002525 [NR_MAC] W UE 2f59 RA failed at state WAIT_Msg3 (Reached msg3 max harq rounds)
937.002531 [NR_MAC] I Remove NR rnti 0x2f59
937.580476 [RLC]    E 46411 SDU rejected, SDU buffer full
937.850526 [NR_MAC] A 359.19 UE RA-RNTI 010b TC-RNTI 761c: initiating RA procedure
937.850533 [NR_MAC] I UE 761c: Sync beam index 0
937.853013 [NR_MAC] I UE 761c: Msg3 scheduled at 360.18 (360.13 TDA 1) start 0 RBs 8
937.853017 [NR_MAC] A UE 761c: 360.13 Generating RA-Msg2 DCI, RA RNTI 0x10b, state 1, preamble_index(RAPID) 36, timing_offset = 47 (estimated distance 1836.0 [m])
937.862012 [NR_MAC] I  36111: RA RNTI 761c CC_id 0 Scheduling retransmission of Msg3 in (361,13)
937.869512 [NR_MAC] I  362 6: RA RNTI 761c CC_id 0 Scheduling retransmission of Msg3 in (362,8)
937.870538 [NR_MAC] A 361.19 UE RA-RNTI 010b TC-RNTI 0178: initiating RA procedure
937.870543 [NR_MAC] I UE 0178: Sync beam index 0
937.873013 [NR_MAC] I UE 0178: Msg3 scheduled at 362.18 (362.13 TDA 1) start 0 RBs 8
937.873017 [NR_MAC] A UE 0178: 362.13 Generating RA-Msg2 DCI, RA RNTI 0x10b, state 1, preamble_index(RAPID) 38, timing_offset = 48 (estimated distance 1875.1 [m])
937.877013 [NR_MAC] I  363 1: RA RNTI 761c CC_id 0 Scheduling retransmission of Msg3 in (363,3)
937.882012 [NR_MAC] I  36311: RA RNTI 0178 CC_id 0 Scheduling retransmission of Msg3 in (363,13)
937.882526 [NR_MAC] W UE 761c RA failed at state WAIT_Msg3 (Reached msg3 max harq rounds)
937.882532 [NR_MAC] I Remove NR rnti 0x761c
937.889513 [NR_MAC] I  364 6: RA RNTI 0178 CC_id 0 Scheduling retransmission of Msg3 in (364,8)
937.890538 [NR_MAC] A 363.19 UE RA-RNTI 010b TC-RNTI a7c1: initiating RA procedure
937.890544 [NR_MAC] I UE a7c1: Sync beam index 0
937.893013 [NR_MAC] I UE a7c1: Msg3 scheduled at 364.18 (364.13 TDA 1) start 0 RBs 8
937.893018 [NR_MAC] A UE a7c1: 364.13 Generating RA-Msg2 DCI, RA RNTI 0x10b, state 1, preamble_index(RAPID) 25, timing_offset = 3 (estimated distance 117.2 [m])
937.897012 [NR_MAC] I  365 1: RA RNTI 0178 CC_id 0 Scheduling retransmission of Msg3 in (365,3)
937.902012 [NR_MAC] I  36511: RA RNTI a7c1 CC_id 0 Scheduling retransmission of Msg3 in (365,13)
937.902525 [NR_MAC] W UE 0178 RA failed at state WAIT_Msg3 (Reached msg3 max harq rounds)
937.902532 [NR_MAC] I Remove NR rnti 0x0178
937.909513 [NR_MAC] I  366 6: RA RNTI a7c1 CC_id 0 Scheduling retransmission of Msg3 in (366,8)
937.917012 [NR_MAC] I  367 1: RA RNTI a7c1 CC_id 0 Scheduling retransmission of Msg3 in (367,3)
937.922525 [NR_MAC] W UE a7c1 RA failed at state WAIT_Msg3 (Reached msg3 max harq rounds)
937.922531 [NR_MAC] I Remove NR rnti 0xa7c1
937.990526 [NR_MAC] A 373.19 UE RA-RNTI 010b TC-RNTI 70c0: initiating RA procedure
937.990532 [NR_MAC] I UE 70c0: Sync beam index 0
937.993013 [NR_MAC] I UE 70c0: Msg3 scheduled at 374.18 (374.13 TDA 1) start 0 RBs 8
937.993018 [NR_MAC] A UE 70c0: 374.13 Generating RA-Msg2 DCI, RA RNTI 0x10b, state 1, preamble_index(RAPID) 52, timing_offset = 4 (estimated distance 156.3 [m])
938.002012 [NR_MAC] I  37511: RA RNTI 70c0 CC_id 0 Scheduling retransmission of Msg3 in (375,13)
938.009512 [NR_MAC] I  376 6: RA RNTI 70c0 CC_id 0 Scheduling retransmission of Msg3 in (376,8)
938.017013 [NR_MAC] I  377 1: RA RNTI 70c0 CC_id 0 Scheduling retransmission of Msg3 in (377,3)
938.022525 [NR_MAC] W UE 70c0 RA failed at state WAIT_Msg3 (Reached msg3 max harq rounds)
938.022531 [NR_MAC] I Remove NR rnti 0x70c0
938.086522 [NR_MAC] I Frame.Slot 384.0
UE RNTI d61c CU-UE-ID 1 out-of-sync PH 48 dB PCMAX 18 dBm
UE d61c: CQI 11, RI 4, PMI (4,1)
UE d61c: dlsch_rounds 8760/165/1/0, dlsch_errors 0, pucch0_DTX 0 (SNR 21.2+1.2 dB), BLER 0.01480 MCS (1) 19 CCE fail 2, goodput 0.00 Mbps
UE d61c: ulsch_rounds 1407/456/254/253, ulsch_errors 253, ulsch_DTX 1001, BLER 1.00000 MCS (1) 0 (Qm 2 deltaMCS 0 dB) NPRB 23 SNR 19.6 (-0.4) dB CCE fail 0, goodput 0.00 Mbps
UE d61c: LCID 1: TX            657 RX            978 bytes
UE d61c: LCID 2: TX              0 RX              0 bytes
UE d61c: LCID 4: TX      378384156 RX         235665 bytes

938.581474 [RLC]    E 46411 SDU rejected, SDU buffer full
938.691026 [NR_MAC] A 443.19 UE RA-RNTI 010b TC-RNTI 29e4: initiating RA procedure
938.691033 [NR_MAC] I UE 29e4: Sync beam index 0
938.693013 [NR_MAC] I UE 29e4: Msg3 scheduled at 444.18 (444.13 TDA 1) start 0 RBs 8
938.693019 [NR_MAC] A UE 29e4: 444.13 Generating RA-Msg2 DCI, RA RNTI 0x10b, state 1, preamble_index(RAPID) 7, timing_offset = 17 (estimated distance 664.1 [m])
938.702012 [NR_MAC] I  44511: RA RNTI 29e4 CC_id 0 Scheduling retransmission of Msg3 in (445,13)
938.709512 [NR_MAC] I  446 6: RA RNTI 29e4 CC_id 0 Scheduling retransmission of Msg3 in (446,8)
938.710539 [NR_MAC] A 445.19 UE RA-RNTI 010b TC-RNTI 9456: initiating RA procedure
938.710544 [NR_MAC] I UE 9456: Sync beam index 0
938.713013 [NR_MAC] I UE 9456: Msg3 scheduled at 446.18 (446.13 TDA 1) start 0 RBs 8
938.713018 [NR_MAC] A UE 9456: 446.13 Generating RA-Msg2 DCI, RA RNTI 0x10b, state 1, preamble_index(RAPID) 46, timing_offset = 42 (estimated distance 1640.7 [m])
938.717013 [NR_MAC] I  447 1: RA RNTI 29e4 CC_id 0 Scheduling retransmission of Msg3 in (447,3)
938.722012 [NR_MAC] I  44711: RA RNTI 9456 CC_id 0 Scheduling retransmission of Msg3 in (447,13)
938.722525 [NR_MAC] W UE 29e4 RA failed at state WAIT_Msg3 (Reached msg3 max harq rounds)
938.722531 [NR_MAC] I Remove NR rnti 0x29e4
938.729512 [NR_MAC] I  448 6: RA RNTI 9456 CC_id 0 Scheduling retransmission of Msg3 in (448,8)
938.730538 [NR_MAC] A 447.19 UE RA-RNTI 010b TC-RNTI 4312: initiating RA procedure
938.730543 [NR_MAC] I UE 4312: Sync beam index 0
938.733013 [NR_MAC] I UE 4312: Msg3 scheduled at 448.18 (448.13 TDA 1) start 0 RBs 8
938.733018 [NR_MAC] A UE 4312: 448.13 Generating RA-Msg2 DCI, RA RNTI 0x10b, state 1, preamble_index(RAPID) 24, timing_offset = 0 (estimated distance 0.0 [m])
938.737012 [NR_MAC] I  449 1: RA RNTI 9456 CC_id 0 Scheduling retransmission of Msg3 in (449,3)
938.742012 [NR_MAC] I  44911: RA RNTI 4312 CC_id 0 Scheduling retransmission of Msg3 in (449,13)
938.742525 [NR_MAC] W UE 9456 RA failed at state WAIT_Msg3 (Reached msg3 max harq rounds)
938.742531 [NR_MAC] I Remove NR rnti 0x9456
938.749513 [NR_MAC] I  450 6: RA RNTI 4312 CC_id 0 Scheduling retransmission of Msg3 in (450,8)
938.750538 [NR_MAC] A 449.19 UE RA-RNTI 010b TC-RNTI 6f3b: initiating RA procedure
938.750543 [NR_MAC] I UE 6f3b: Sync beam index 0
938.753012 [NR_MAC] I UE 6f3b: Msg3 scheduled at 450.18 (450.13 TDA 1) start 0 RBs 8
938.753019 [NR_MAC] A UE 6f3b: 450.13 Generating RA-Msg2 DCI, RA RNTI 0x10b, state 1, preamble_index(RAPID) 38, timing_offset = 23 (estimated distance 898.5 [m])
938.757013 [NR_MAC] I  451 1: RA RNTI 4312 CC_id 0 Scheduling retransmission of Msg3 in (451,3)
938.762012 [NR_MAC] I  45111: RA RNTI 6f3b CC_id 0 Scheduling retransmission of Msg3 in (451,13)
938.762525 [NR_MAC] W UE 4312 RA failed at state WAIT_Msg3 (Reached msg3 max harq rounds)
938.762531 [NR_MAC] I Remove NR rnti 0x4312
938.769513 [NR_MAC] I  452 6: RA RNTI 6f3b CC_id 0 Scheduling retransmission of Msg3 in (452,8)
938.770539 [NR_MAC] A 451.19 UE RA-RNTI 010b TC-RNTI 7d95: initiating RA procedure
938.770541 [NR_MAC] I UE 7d95: Sync beam index 0
938.773013 [NR_MAC] I UE 7d95: Msg3 scheduled at 452.18 (452.13 TDA 1) start 0 RBs 8
938.773016 [NR_MAC] A UE 7d95: 452.13 Generating RA-Msg2 DCI, RA RNTI 0x10b, state 1, preamble_index(RAPID) 32, timing_offset = 4 (estimated distance 156.3 [m])
938.777012 [NR_MAC] I  453 1: RA RNTI 6f3b CC_id 0 Scheduling retransmission of Msg3 in (453,3)
938.782012 [NR_MAC] I  45311: RA RNTI 7d95 CC_id 0 Scheduling retransmission of Msg3 in (453,13)
938.782526 [NR_MAC] W UE 6f3b RA failed at state WAIT_Msg3 (Reached msg3 max harq rounds)
938.782531 [NR_MAC] I Remove NR rnti 0x6f3b
938.789513 [NR_MAC] I  454 6: RA RNTI 7d95 CC_id 0 Scheduling retransmission of Msg3 in (454,8)
938.790538 [NR_MAC] A 453.19 UE RA-RNTI 010b TC-RNTI e0db: initiating RA procedure
938.790543 [NR_MAC] I UE e0db: Sync beam index 0
938.793013 [NR_MAC] I UE e0db: Msg3 scheduled at 454.18 (454.13 TDA 1) start 0 RBs 8
938.793019 [NR_MAC] A UE e0db: 454.13 Generating RA-Msg2 DCI, RA RNTI 0x10b, state 1, preamble_index(RAPID) 62, timing_offset = 0 (estimated distance 0.0 [m])
938.797012 [NR_MAC] I  455 1: RA RNTI 7d95 CC_id 0 Scheduling retransmission of Msg3 in (455,3)
938.802012 [NR_MAC] I  45511: RA RNTI e0db CC_id 0 Scheduling retransmission of Msg3 in (455,13)
938.802525 [NR_MAC] W UE 7d95 RA failed at state WAIT_Msg3 (Reached msg3 max harq rounds)
938.802531 [NR_MAC] I Remove NR rnti 0x7d95
938.809512 [NR_MAC] I  456 6: RA RNTI e0db CC_id 0 Scheduling retransmission of Msg3 in (456,8)
938.810540 [NR_MAC] A 455.19 UE RA-RNTI 010b TC-RNTI 44e1: initiating RA procedure
938.810545 [NR_MAC] I UE 44e1: Sync beam index 0
938.813013 [NR_MAC] I UE 44e1: Msg3 scheduled at 456.18 (456.13 TDA 1) start 0 RBs 8
938.813018 [NR_MAC] A UE 44e1: 456.13 Generating RA-Msg2 DCI, RA RNTI 0x10b, state 1, preamble_index(RAPID) 0, timing_offset = 5 (estimated distance 195.3 [m])
938.817012 [NR_MAC] I  457 1: RA RNTI e0db CC_id 0 Scheduling retransmission of Msg3 in (457,3)
938.822012 [NR_MAC] I  45711: RA RNTI 44e1 CC_id 0 Scheduling retransmission of Msg3 in (457,13)
938.822525 [NR_MAC] W UE e0db RA failed at state WAIT_Msg3 (Reached msg3 max harq rounds)
938.822531 [NR_MAC] I Remove NR rnti 0xe0db
938.829513 [NR_MAC] I  458 6: RA RNTI 44e1 CC_id 0 Scheduling retransmission of Msg3 in (458,8)
938.830538 [NR_MAC] A 457.19 UE RA-RNTI 010b TC-RNTI 0c15: initiating RA procedure
938.830544 [NR_MAC] I UE 0c15: Sync beam index 0
938.833013 [NR_MAC] I UE 0c15: Msg3 scheduled at 458.18 (458.13 TDA 1) start 0 RBs 8
938.833018 [NR_MAC] A UE 0c15: 458.13 Generating RA-Msg2 DCI, RA RNTI 0x10b, state 1, preamble_index(RAPID) 5, timing_offset = 2 (estimated distance 78.1 [m])
938.837013 [NR_MAC] I  459 1: RA RNTI 44e1 CC_id 0 Scheduling retransmission of Msg3 in (459,3)
938.842012 [NR_MAC] I  45911: RA RNTI 0c15 CC_id 0 Scheduling retransmission of Msg3 in (459,13)
938.842525 [NR_MAC] W UE 44e1 RA failed at state WAIT_Msg3 (Reached msg3 max harq rounds)
938.842531 [NR_MAC] I Remove NR rnti 0x44e1
938.849513 [NR_MAC] I  460 6: RA RNTI 0c15 CC_id 0 Scheduling retransmission of Msg3 in (460,8)
938.850538 [NR_MAC] A 459.19 UE RA-RNTI 010b TC-RNTI 2957: initiating RA procedure
938.850543 [NR_MAC] I UE 2957: Sync beam index 0
938.853013 [NR_MAC] I UE 2957: Msg3 scheduled at 460.18 (460.13 TDA 1) start 0 RBs 8
938.853017 [NR_MAC] A UE 2957: 460.13 Generating RA-Msg2 DCI, RA RNTI 0x10b, state 1, preamble_index(RAPID) 60, timing_offset = 50 (estimated distance 1953.2 [m])
938.857013 [NR_MAC] I  461 1: RA RNTI 0c15 CC_id 0 Scheduling retransmission of Msg3 in (461,3)
938.862012 [NR_MAC] I  46111: RA RNTI 2957 CC_id 0 Scheduling retransmission of Msg3 in (461,13)
938.862526 [NR_MAC] W UE 0c15 RA failed at state WAIT_Msg3 (Reached msg3 max harq rounds)
938.862532 [NR_MAC] I Remove NR rnti 0x0c15
938.869513 [NR_MAC] I  462 6: RA RNTI 2957 CC_id 0 Scheduling retransmission of Msg3 in (462,8)
938.870538 [NR_MAC] A 461.19 UE RA-RNTI 010b TC-RNTI 0691: initiating RA procedure
938.870543 [NR_MAC] I UE 0691: Sync beam index 0
938.873013 [NR_MAC] I UE 0691: Msg3 scheduled at 462.18 (462.13 TDA 1) start 0 RBs 8
938.873017 [NR_MAC] A UE 0691: 462.13 Generating RA-Msg2 DCI, RA RNTI 0x10b, state 1, preamble_index(RAPID) 36, timing_offset = 0 (estimated distance 0.0 [m])
938.877013 [NR_MAC] I  463 1: RA RNTI 2957 CC_id 0 Scheduling retransmission of Msg3 in (463,3)
938.882012 [NR_MAC] I  46311: RA RNTI 0691 CC_id 0 Scheduling retransmission of Msg3 in (463,13)
938.882525 [NR_MAC] W UE 2957 RA failed at state WAIT_Msg3 (Reached msg3 max harq rounds)
938.882532 [NR_MAC] I Remove NR rnti 0x2957
938.889513 [NR_MAC] I  464 6: RA RNTI 0691 CC_id 0 Scheduling retransmission of Msg3 in (464,8)
938.897023 [NR_MAC] I  465 1: RA RNTI 0691 CC_id 0 Scheduling retransmission of Msg3 in (465,3)
938.902525 [NR_MAC] W UE 0691 RA failed at state WAIT_Msg3 (Reached msg3 max harq rounds)
938.902531 [NR_MAC] I Remove NR rnti 0x0691
939.171026 [NR_MAC] A 491.19 UE RA-RNTI 010b TC-RNTI cbd4: initiating RA procedure
939.171032 [NR_MAC] I UE cbd4: Sync beam index 0
939.173013 [NR_MAC] I UE cbd4: Msg3 scheduled at 492.18 (492.13 TDA 1) start 0 RBs 8
939.173016 [NR_MAC] A UE cbd4: 492.13 Generating RA-Msg2 DCI, RA RNTI 0x10b, state 1, preamble_index(RAPID) 12, timing_offset = 9 (estimated distance 351.6 [m])
939.182012 [NR_MAC] I  49311: RA RNTI cbd4 CC_id 0 Scheduling retransmission of Msg3 in (493,13)
939.189512 [NR_MAC] I  494 6: RA RNTI cbd4 CC_id 0 Scheduling retransmission of Msg3 in (494,8)
939.197012 [NR_MAC] I  495 1: RA RNTI cbd4 CC_id 0 Scheduling retransmission of Msg3 in (495,3)
939.202525 [NR_MAC] W UE cbd4 RA failed at state WAIT_Msg3 (Reached msg3 max harq rounds)
939.202532 [NR_MAC] I Remove NR rnti 0xcbd4
939.270527 [NR_MAC] A 501.19 UE RA-RNTI 010b TC-RNTI c6d2: initiating RA procedure
939.270533 [NR_MAC] I UE c6d2: Sync beam index 0
939.273013 [NR_MAC] I UE c6d2: Msg3 scheduled at 502.18 (502.13 TDA 1) start 0 RBs 8
939.273018 [NR_MAC] A UE c6d2: 502.13 Generating RA-Msg2 DCI, RA RNTI 0x10b, state 1, preamble_index(RAPID) 61, timing_offset = 7 (estimated distance 273.4 [m])
939.282012 [NR_MAC] I  50311: RA RNTI c6d2 CC_id 0 Scheduling retransmission of Msg3 in (503,13)
939.289512 [NR_MAC] I  504 6: RA RNTI c6d2 CC_id 0 Scheduling retransmission of Msg3 in (504,8)
939.290538 [NR_MAC] A 503.19 UE RA-RNTI 010b TC-RNTI 7306: initiating RA procedure
939.290543 [NR_MAC] I UE 7306: Sync beam index 0
939.293013 [NR_MAC] I UE 7306: Msg3 scheduled at 504.18 (504.13 TDA 1) start 0 RBs 8
939.293018 [NR_MAC] A UE 7306: 504.13 Generating RA-Msg2 DCI, RA RNTI 0x10b, state 1, preamble_index(RAPID) 25, timing_offset = 0 (estimated distance 0.0 [m])
939.297013 [NR_MAC] I  505 1: RA RNTI c6d2 CC_id 0 Scheduling retransmission of Msg3 in (505,3)
939.302024 [NR_MAC] I  50511: RA RNTI 7306 CC_id 0 Scheduling retransmission of Msg3 in (505,13)
939.302525 [NR_MAC] W UE c6d2 RA failed at state WAIT_Msg3 (Reached msg3 max harq rounds)
939.302531 [NR_MAC] I Remove NR rnti 0xc6d2
939.309512 [NR_MAC] I  506 6: RA RNTI 7306 CC_id 0 Scheduling retransmission of Msg3 in (506,8)
939.317012 [NR_MAC] I  507 1: RA RNTI 7306 CC_id 0 Scheduling retransmission of Msg3 in (507,3)
939.322525 [NR_MAC] W UE 7306 RA failed at state WAIT_Msg3 (Reached msg3 max harq rounds)
939.322531 [NR_MAC] I Remove NR rnti 0x7306
939.366521 [NR_MAC] I Frame.Slot 512.0
UE RNTI d61c CU-UE-ID 1 out-of-sync PH 48 dB PCMAX 18 dBm
UE d61c: CQI 11, RI 4, PMI (4,1)
UE d61c: dlsch_rounds 8760/165/1/0, dlsch_errors 0, pucch0_DTX 0 (SNR 21.2+1.2 dB), BLER 0.01480 MCS (1) 19 CCE fail 2, goodput 0.00 Mbps
UE d61c: ulsch_rounds 1407/456/254/253, ulsch_errors 253, ulsch_DTX 1001, BLER 1.00000 MCS (1) 0 (Qm 2 deltaMCS 0 dB) NPRB 23 SNR 19.6 (-0.4) dB CCE fail 0, goodput 0.00 Mbps
UE d61c: LCID 1: TX            657 RX            978 bytes
UE d61c: LCID 2: TX              0 RX              0 bytes
UE d61c: LCID 4: TX      378384156 RX         235665 bytes

939.582475 [RLC]    E 46412 SDU rejected, SDU buffer full
940.583731 [RLC]    E 46411 SDU rejected, SDU buffer full
940.646523 [NR_MAC] I Frame.Slot 640.0
UE RNTI d61c CU-UE-ID 1 out-of-sync PH 48 dB PCMAX 18 dBm
UE d61c: CQI 11, RI 4, PMI (4,1)
UE d61c: dlsch_rounds 8760/165/1/0, dlsch_errors 0, pucch0_DTX 0 (SNR 21.2+1.2 dB), BLER 0.01480 MCS (1) 19 CCE fail 2, goodput 0.00 Mbps
UE d61c: ulsch_rounds 1407/456/254/253, ulsch_errors 253, ulsch_DTX 1001, BLER 1.00000 MCS (1) 0 (Qm 2 deltaMCS 0 dB) NPRB 23 SNR 19.6 (-0.4) dB CCE fail 0, goodput 0.00 Mbps
UE d61c: LCID 1: TX            657 RX            978 bytes
UE d61c: LCID 2: TX              0 RX              0 bytes
UE d61c: LCID 4: TX      378384156 RX         235665 bytes

940.810528 [NR_MAC] A 655.19 UE RA-RNTI 010b TC-RNTI 4a5b: initiating RA procedure
940.810533 [NR_MAC] I UE 4a5b: Sync beam index 0
940.813014 [NR_MAC] I UE 4a5b: Msg3 scheduled at 656.18 (656.13 TDA 1) start 0 RBs 8
940.813021 [NR_MAC] A UE 4a5b: 656.13 Generating RA-Msg2 DCI, RA RNTI 0x10b, state 1, preamble_index(RAPID) 7, timing_offset = 26 (estimated distance 1015.7 [m])
940.822013 [NR_MAC] I  65711: RA RNTI 4a5b CC_id 0 Scheduling retransmission of Msg3 in (657,13)
940.829514 [NR_MAC] I  658 6: RA RNTI 4a5b CC_id 0 Scheduling retransmission of Msg3 in (658,8)
940.830539 [NR_MAC] A 657.19 UE RA-RNTI 010b TC-RNTI 5d1b: initiating RA procedure
940.830544 [NR_MAC] I UE 5d1b: Sync beam index 0
940.833014 [NR_MAC] I UE 5d1b: Msg3 scheduled at 658.18 (658.13 TDA 1) start 0 RBs 8
940.833018 [NR_MAC] A UE 5d1b: 658.13 Generating RA-Msg2 DCI, RA RNTI 0x10b, state 1, preamble_index(RAPID) 47, timing_offset = 51 (estimated distance 1992.3 [m])
940.837014 [NR_MAC] I  659 1: RA RNTI 4a5b CC_id 0 Scheduling retransmission of Msg3 in (659,3)
940.842013 [NR_MAC] I  65911: RA RNTI 5d1b CC_id 0 Scheduling retransmission of Msg3 in (659,13)
940.842526 [NR_MAC] W UE 4a5b RA failed at state WAIT_Msg3 (Reached msg3 max harq rounds)
940.842532 [NR_MAC] I Remove NR rnti 0x4a5b
940.849513 [NR_MAC] I  660 6: RA RNTI 5d1b CC_id 0 Scheduling retransmission of Msg3 in (660,8)
940.850539 [NR_MAC] A 659.19 UE RA-RNTI 010b TC-RNTI d574: initiating RA procedure
940.850544 [NR_MAC] I UE d574: Sync beam index 0
940.853014 [NR_MAC] I UE d574: Msg3 scheduled at 660.18 (660.13 TDA 1) start 0 RBs 8
940.853019 [NR_MAC] A UE d574: 660.13 Generating RA-Msg2 DCI, RA RNTI 0x10b, state 1, preamble_index(RAPID) 13, timing_offset = 0 (estimated distance 0.0 [m])
940.857013 [NR_MAC] I  661 1: RA RNTI 5d1b CC_id 0 Scheduling retransmission of Msg3 in (661,3)
940.862013 [NR_MAC] I  66111: RA RNTI d574 CC_id 0 Scheduling retransmission of Msg3 in (661,13)
940.862526 [NR_MAC] W UE 5d1b RA failed at state WAIT_Msg3 (Reached msg3 max harq rounds)
940.862532 [NR_MAC] I Remove NR rnti 0x5d1b
940.869514 [NR_MAC] I  662 6: RA RNTI d574 CC_id 0 Scheduling retransmission of Msg3 in (662,8)
940.870539 [NR_MAC] A 661.19 UE RA-RNTI 010b TC-RNTI 91be: initiating RA procedure
940.870544 [NR_MAC] I UE 91be: Sync beam index 0
940.873014 [NR_MAC] I UE 91be: Msg3 scheduled at 662.18 (662.13 TDA 1) start 0 RBs 8
940.873020 [NR_MAC] A UE 91be: 662.13 Generating RA-Msg2 DCI, RA RNTI 0x10b, state 1, preamble_index(RAPID) 2, timing_offset = 3 (estimated distance 117.2 [m])
940.877013 [NR_MAC] I  663 1: RA RNTI d574 CC_id 0 Scheduling retransmission of Msg3 in (663,3)
940.882013 [NR_MAC] I  66311: RA RNTI 91be CC_id 0 Scheduling retransmission of Msg3 in (663,13)
940.882526 [NR_MAC] W UE d574 RA failed at state WAIT_Msg3 (Reached msg3 max harq rounds)
940.882532 [NR_MAC] I Remove NR rnti 0xd574
940.889514 [NR_MAC] I  664 6: RA RNTI 91be CC_id 0 Scheduling retransmission of Msg3 in (664,8)
940.897014 [NR_MAC] I  665 1: RA RNTI 91be CC_id 0 Scheduling retransmission of Msg3 in (665,3)
940.902526 [NR_MAC] W UE 91be RA failed at state WAIT_Msg3 (Reached msg3 max harq rounds)
940.902531 [NR_MAC] I Remove NR rnti 0x91be
940.971027 [NR_MAC] A 671.19 UE RA-RNTI 010b TC-RNTI c400: initiating RA procedure
940.971032 [NR_MAC] I UE c400: Sync beam index 0
940.973014 [NR_MAC] I UE c400: Msg3 scheduled at 672.18 (672.13 TDA 1) start 0 RBs 8
940.973020 [NR_MAC] A UE c400: 672.13 Generating RA-Msg2 DCI, RA RNTI 0x10b, state 1, preamble_index(RAPID) 25, timing_offset = 3 (estimated distance 117.2 [m])
940.982013 [NR_MAC] I  67311: RA RNTI c400 CC_id 0 Scheduling retransmission of Msg3 in (673,13)
940.989514 [NR_MAC] I  674 6: RA RNTI c400 CC_id 0 Scheduling retransmission of Msg3 in (674,8)
940.997013 [NR_MAC] I  675 1: RA RNTI c400 CC_id 0 Scheduling retransmission of Msg3 in (675,3)
941.002526 [NR_MAC] W UE c400 RA failed at state WAIT_Msg3 (Reached msg3 max harq rounds)
941.002531 [NR_MAC] I Remove NR rnti 0xc400
941.584473 [RLC]    E 46412 SDU rejected, SDU buffer full
941.751027 [NR_MAC] A 749.19 UE RA-RNTI 010b TC-RNTI 4b39: initiating RA procedure
941.751035 [NR_MAC] I UE 4b39: Sync beam index 0
941.753014 [NR_MAC] I UE 4b39: Msg3 scheduled at 750.18 (750.13 TDA 1) start 0 RBs 8
941.753018 [NR_MAC] A UE 4b39: 750.13 Generating RA-Msg2 DCI, RA RNTI 0x10b, state 1, preamble_index(RAPID) 5, timing_offset = 2 (estimated distance 78.1 [m])
941.762013 [NR_MAC] I  75111: RA RNTI 4b39 CC_id 0 Scheduling retransmission of Msg3 in (751,13)
941.769513 [NR_MAC] I  752 6: RA RNTI 4b39 CC_id 0 Scheduling retransmission of Msg3 in (752,8)
941.777013 [NR_MAC] I  753 1: RA RNTI 4b39 CC_id 0 Scheduling retransmission of Msg3 in (753,3)
941.782526 [NR_MAC] W UE 4b39 RA failed at state WAIT_Msg3 (Reached msg3 max harq rounds)
941.782532 [NR_MAC] I Remove NR rnti 0x4b39
941.850526 [NR_MAC] A 759.19 UE RA-RNTI 010b TC-RNTI d99e: initiating RA procedure
941.850532 [NR_MAC] I UE d99e: Sync beam index 0
941.853013 [NR_MAC] I UE d99e: Msg3 scheduled at 760.18 (760.13 TDA 1) start 0 RBs 8
941.853017 [NR_MAC] A UE d99e: 760.13 Generating RA-Msg2 DCI, RA RNTI 0x10b, state 1, preamble_index(RAPID) 56, timing_offset = 46 (estimated distance 1797.0 [m])
941.862011 [NR_MAC] I  76111: RA RNTI d99e CC_id 0 Scheduling retransmission of Msg3 in (761,13)
941.869511 [NR_MAC] I  762 6: RA RNTI d99e CC_id 0 Scheduling retransmission of Msg3 in (762,8)
941.870537 [NR_MAC] A 761.19 UE RA-RNTI 010b TC-RNTI 00aa: initiating RA procedure
941.870542 [NR_MAC] I UE 00aa: Sync beam index 0
941.873012 [NR_MAC] I UE 00aa: Msg3 scheduled at 762.18 (762.13 TDA 1) start 0 RBs 8
941.873017 [NR_MAC] A UE 00aa: 762.13 Generating RA-Msg2 DCI, RA RNTI 0x10b, state 1, preamble_index(RAPID) 5, timing_offset = 0 (estimated distance 0.0 [m])
941.877011 [NR_MAC] I  763 1: RA RNTI d99e CC_id 0 Scheduling retransmission of Msg3 in (763,3)
941.882011 [NR_MAC] I  76311: RA RNTI 00aa CC_id 0 Scheduling retransmission of Msg3 in (763,13)
941.882524 [NR_MAC] W UE d99e RA failed at state WAIT_Msg3 (Reached msg3 max harq rounds)
941.882530 [NR_MAC] I Remove NR rnti 0xd99e
941.889512 [NR_MAC] I  764 6: RA RNTI 00aa CC_id 0 Scheduling retransmission of Msg3 in (764,8)
941.890537 [NR_MAC] A 763.19 UE RA-RNTI 010b TC-RNTI 40c0: initiating RA procedure
941.890542 [NR_MAC] I UE 40c0: Sync beam index 0
941.893012 [NR_MAC] I UE 40c0: Msg3 scheduled at 764.18 (764.13 TDA 1) start 0 RBs 8
941.893016 [NR_MAC] A UE 40c0: 764.13 Generating RA-Msg2 DCI, RA RNTI 0x10b, state 1, preamble_index(RAPID) 63, timing_offset = 10 (estimated distance 390.6 [m])
941.897012 [NR_MAC] I  765 1: RA RNTI 00aa CC_id 0 Scheduling retransmission of Msg3 in (765,3)
941.902011 [NR_MAC] I  76511: RA RNTI 40c0 CC_id 0 Scheduling retransmission of Msg3 in (765,13)
941.902524 [NR_MAC] W UE 00aa RA failed at state WAIT_Msg3 (Reached msg3 max harq rounds)
941.902530 [NR_MAC] I Remove NR rnti 0x00aa
941.909511 [NR_MAC] I  766 6: RA RNTI 40c0 CC_id 0 Scheduling retransmission of Msg3 in (766,8)
941.917011 [NR_MAC] I  767 1: RA RNTI 40c0 CC_id 0 Scheduling retransmission of Msg3 in (767,3)
941.922524 [NR_MAC] W UE 40c0 RA failed at state WAIT_Msg3 (Reached msg3 max harq rounds)
941.922530 [NR_MAC] I Remove NR rnti 0x40c0
941.926520 [NR_MAC] I Frame.Slot 768.0
UE RNTI d61c CU-UE-ID 1 out-of-sync PH 48 dB PCMAX 18 dBm
UE d61c: CQI 11, RI 4, PMI (4,1)
UE d61c: dlsch_rounds 8760/165/1/0, dlsch_errors 0, pucch0_DTX 0 (SNR 21.2+1.2 dB), BLER 0.01480 MCS (1) 19 CCE fail 2, goodput 0.00 Mbps
UE d61c: ulsch_rounds 1407/456/254/253, ulsch_errors 253, ulsch_DTX 1001, BLER 1.00000 MCS (1) 0 (Qm 2 deltaMCS 0 dB) NPRB 23 SNR 19.6 (-0.4) dB CCE fail 0, goodput 0.00 Mbps
UE d61c: LCID 1: TX            657 RX            978 bytes
UE d61c: LCID 2: TX              0 RX              0 bytes
UE d61c: LCID 4: TX      378384156 RX         235665 bytes

942.585479 [RLC]    E 46411 SDU rejected, SDU buffer full
943.206521 [NR_MAC] I Frame.Slot 896.0
UE RNTI d61c CU-UE-ID 1 out-of-sync PH 48 dB PCMAX 18 dBm
UE d61c: CQI 11, RI 4, PMI (4,1)
UE d61c: dlsch_rounds 8760/165/1/0, dlsch_errors 0, pucch0_DTX 0 (SNR 21.2+1.2 dB), BLER 0.01480 MCS (1) 19 CCE fail 2, goodput 0.00 Mbps
UE d61c: ulsch_rounds 1407/456/254/253, ulsch_errors 253, ulsch_DTX 1001, BLER 1.00000 MCS (1) 0 (Qm 2 deltaMCS 0 dB) NPRB 23 SNR 19.6 (-0.4) dB CCE fail 0, goodput 0.00 Mbps
UE d61c: LCID 1: TX            657 RX            978 bytes
UE d61c: LCID 2: TX              0 RX              0 bytes
UE d61c: LCID 4: TX      378384156 RX         235665 bytes

943.291025 [NR_MAC] A 903.19 UE RA-RNTI 010b TC-RNTI c027: initiating RA procedure
943.291032 [NR_MAC] I UE c027: Sync beam index 0
943.293013 [NR_MAC] I UE c027: Msg3 scheduled at 904.18 (904.13 TDA 1) start 0 RBs 8
943.293019 [NR_MAC] A UE c027: 904.13 Generating RA-Msg2 DCI, RA RNTI 0x10b, state 1, preamble_index(RAPID) 52, timing_offset = 17 (estimated distance 664.1 [m])
943.302011 [NR_MAC] I  90511: RA RNTI c027 CC_id 0 Scheduling retransmission of Msg3 in (905,13)
943.309511 [NR_MAC] I  906 6: RA RNTI c027 CC_id 0 Scheduling retransmission of Msg3 in (906,8)
943.310537 [NR_MAC] A 905.19 UE RA-RNTI 010b TC-RNTI 9024: initiating RA procedure
943.310542 [NR_MAC] I UE 9024: Sync beam index 0
943.313012 [NR_MAC] I UE 9024: Msg3 scheduled at 906.18 (906.13 TDA 1) start 0 RBs 8
943.313017 [NR_MAC] A UE 9024: 906.13 Generating RA-Msg2 DCI, RA RNTI 0x10b, state 1, preamble_index(RAPID) 14, timing_offset = 57 (estimated distance 2226.7 [m])
943.317011 [NR_MAC] I  907 1: RA RNTI c027 CC_id 0 Scheduling retransmission of Msg3 in (907,3)
943.322011 [NR_MAC] I  90711: RA RNTI 9024 CC_id 0 Scheduling retransmission of Msg3 in (907,13)
943.322525 [NR_MAC] W UE c027 RA failed at state WAIT_Msg3 (Reached msg3 max harq rounds)
943.322531 [NR_MAC] I Remove NR rnti 0xc027
943.329512 [NR_MAC] I  908 6: RA RNTI 9024 CC_id 0 Scheduling retransmission of Msg3 in (908,8)
943.337012 [NR_MAC] I  909 1: RA RNTI 9024 CC_id 0 Scheduling retransmission of Msg3 in (909,3)
943.342524 [NR_MAC] W UE 9024 RA failed at state WAIT_Msg3 (Reached msg3 max harq rounds)
943.342530 [NR_MAC] I Remove NR rnti 0x9024
943.420526 [NR_MAC] A 916.19 UE RA-RNTI 010b TC-RNTI eff6: initiating RA procedure
943.420532 [NR_MAC] I UE eff6: Sync beam index 0
943.423013 [NR_MAC] I UE eff6: Msg3 scheduled at 917.18 (917.13 TDA 1) start 0 RBs 8
943.423016 [NR_MAC] A UE eff6: 917.13 Generating RA-Msg2 DCI, RA RNTI 0x10b, state 1, preamble_index(RAPID) 41, timing_offset = 0 (estimated distance 0.0 [m])
943.432012 [NR_MAC] I  91811: RA RNTI eff6 CC_id 0 Scheduling retransmission of Msg3 in (918,13)
943.439512 [NR_MAC] I  919 6: RA RNTI eff6 CC_id 0 Scheduling retransmission of Msg3 in (919,8)
943.440539 [NR_MAC] A 918.19 UE RA-RNTI 010b TC-RNTI dc55: initiating RA procedure
943.440544 [NR_MAC] I UE dc55: Sync beam index 0
943.443013 [NR_MAC] I UE dc55: Msg3 scheduled at 919.18 (919.13 TDA 1) start 0 RBs 8
943.443017 [NR_MAC] A UE dc55: 919.13 Generating RA-Msg2 DCI, RA RNTI 0x10b, state 1, preamble_index(RAPID) 63, timing_offset = 3 (estimated distance 117.2 [m])
943.447012 [NR_MAC] I  920 1: RA RNTI eff6 CC_id 0 Scheduling retransmission of Msg3 in (920,3)
943.452012 [NR_MAC] I  92011: RA RNTI dc55 CC_id 0 Scheduling retransmission of Msg3 in (920,13)
943.452526 [NR_MAC] W UE eff6 RA failed at state WAIT_Msg3 (Reached msg3 max harq rounds)
943.452532 [NR_MAC] I Remove NR rnti 0xeff6
943.459512 [NR_MAC] I  921 6: RA RNTI dc55 CC_id 0 Scheduling retransmission of Msg3 in (921,8)
943.460540 [NR_MAC] A 920.19 UE RA-RNTI 010b TC-RNTI 7937: initiating RA procedure
943.460545 [NR_MAC] I UE 7937: Sync beam index 0
943.463013 [NR_MAC] I UE 7937: Msg3 scheduled at 921.18 (921.13 TDA 1) start 0 RBs 8
943.463019 [NR_MAC] A UE 7937: 921.13 Generating RA-Msg2 DCI, RA RNTI 0x10b, state 1, preamble_index(RAPID) 1, timing_offset = 15 (estimated distance 586.0 [m])
943.467012 [NR_MAC] I  922 1: RA RNTI dc55 CC_id 0 Scheduling retransmission of Msg3 in (922,3)
943.472012 [NR_MAC] I  92211: RA RNTI 7937 CC_id 0 Scheduling retransmission of Msg3 in (922,13)
943.472525 [NR_MAC] W UE dc55 RA failed at state WAIT_Msg3 (Reached msg3 max harq rounds)
943.472531 [NR_MAC] I Remove NR rnti 0xdc55
943.479513 [NR_MAC] I  923 6: RA RNTI 7937 CC_id 0 Scheduling retransmission of Msg3 in (923,8)
943.480538 [NR_MAC] A 922.19 UE RA-RNTI 010b TC-RNTI 7e20: initiating RA procedure
943.480543 [NR_MAC] I UE 7e20: Sync beam index 0
943.483013 [NR_MAC] I UE 7e20: Msg3 scheduled at 923.18 (923.13 TDA 1) start 0 RBs 8
943.483017 [NR_MAC] A UE 7e20: 923.13 Generating RA-Msg2 DCI, RA RNTI 0x10b, state 1, preamble_index(RAPID) 28, timing_offset = 8 (estimated distance 312.5 [m])
943.487012 [NR_MAC] I  924 1: RA RNTI 7937 CC_id 0 Scheduling retransmission of Msg3 in (924,3)
943.492012 [NR_MAC] I  92411: RA RNTI 7e20 CC_id 0 Scheduling retransmission of Msg3 in (924,13)
943.492526 [NR_MAC] W UE 7937 RA failed at state WAIT_Msg3 (Reached msg3 max harq rounds)
943.492531 [NR_MAC] I Remove NR rnti 0x7937
943.499512 [NR_MAC] I  925 6: RA RNTI 7e20 CC_id 0 Scheduling retransmission of Msg3 in (925,8)
943.507012 [NR_MAC] I  926 1: RA RNTI 7e20 CC_id 0 Scheduling retransmission of Msg3 in (926,3)
943.512525 [NR_MAC] W UE 7e20 RA failed at state WAIT_Msg3 (Reached msg3 max harq rounds)
943.512531 [NR_MAC] I Remove NR rnti 0x7e20
943.586111 [RLC]    E 46404 SDU rejected, SDU buffer full
944.486524 [NR_MAC] I Frame.Slot 0.0
UE RNTI d61c CU-UE-ID 1 out-of-sync PH 48 dB PCMAX 18 dBm
UE d61c: CQI 11, RI 4, PMI (4,1)
UE d61c: dlsch_rounds 8760/165/1/0, dlsch_errors 0, pucch0_DTX 0 (SNR 21.2+1.2 dB), BLER 0.01480 MCS (1) 19 CCE fail 2, goodput 0.00 Mbps
UE d61c: ulsch_rounds 1407/456/254/253, ulsch_errors 253, ulsch_DTX 1001, BLER 1.00000 MCS (1) 0 (Qm 2 deltaMCS 0 dB) NPRB 23 SNR 19.6 (-0.4) dB CCE fail 0, goodput 0.00 Mbps
UE d61c: LCID 1: TX            657 RX            978 bytes
UE d61c: LCID 2: TX              0 RX              0 bytes
UE d61c: LCID 4: TX      378384156 RX         235665 bytes

944.587473 [RLC]    E 46418 SDU rejected, SDU buffer full
944.670527 [NR_MAC] A 17.19 UE RA-RNTI 010b TC-RNTI 8c30: initiating RA procedure
944.670534 [NR_MAC] I UE 8c30: Sync beam index 0
944.673013 [NR_MAC] I UE 8c30: Msg3 scheduled at 18.18 (18.13 TDA 1) start 0 RBs 8
944.673020 [NR_MAC] A UE 8c30: 18.13 Generating RA-Msg2 DCI, RA RNTI 0x10b, state 1, preamble_index(RAPID) 29, timing_offset = 0 (estimated distance 0.0 [m])
944.682012 [NR_MAC] I   1911: RA RNTI 8c30 CC_id 0 Scheduling retransmission of Msg3 in (19,13)
944.689512 [NR_MAC] I   20 6: RA RNTI 8c30 CC_id 0 Scheduling retransmission of Msg3 in (20,8)
944.697012 [NR_MAC] I   21 1: RA RNTI 8c30 CC_id 0 Scheduling retransmission of Msg3 in (21,3)
944.702525 [NR_MAC] W UE 8c30 RA failed at state WAIT_Msg3 (Reached msg3 max harq rounds)
944.702531 [NR_MAC] I Remove NR rnti 0x8c30
944.770526 [NR_MAC] A 27.19 UE RA-RNTI 010b TC-RNTI 7fb6: initiating RA procedure
944.770531 [NR_MAC] I UE 7fb6: Sync beam index 0
944.773013 [NR_MAC] I UE 7fb6: Msg3 scheduled at 28.18 (28.13 TDA 1) start 0 RBs 8
944.773017 [NR_MAC] A UE 7fb6: 28.13 Generating RA-Msg2 DCI, RA RNTI 0x10b, state 1, preamble_index(RAPID) 31, timing_offset = 35 (estimated distance 1367.2 [m])
944.782012 [NR_MAC] I   2911: RA RNTI 7fb6 CC_id 0 Scheduling retransmission of Msg3 in (29,13)
944.789512 [NR_MAC] I   30 6: RA RNTI 7fb6 CC_id 0 Scheduling retransmission of Msg3 in (30,8)
944.797013 [NR_MAC] I   31 1: RA RNTI 7fb6 CC_id 0 Scheduling retransmission of Msg3 in (31,3)
944.802525 [NR_MAC] W UE 7fb6 RA failed at state WAIT_Msg3 (Reached msg3 max harq rounds)
944.802531 [NR_MAC] I Remove NR rnti 0x7fb6
944.870526 [NR_MAC] A 37.19 UE RA-RNTI 010b TC-RNTI 461b: initiating RA procedure
944.870532 [NR_MAC] I UE 461b: Sync beam index 0
944.873013 [NR_MAC] I UE 461b: Msg3 scheduled at 38.18 (38.13 TDA 1) start 0 RBs 8
944.873017 [NR_MAC] A UE 461b: 38.13 Generating RA-Msg2 DCI, RA RNTI 0x10b, state 1, preamble_index(RAPID) 7, timing_offset = 0 (estimated distance 0.0 [m])
944.882012 [NR_MAC] I   3911: RA RNTI 461b CC_id 0 Scheduling retransmission of Msg3 in (39,13)
944.889512 [NR_MAC] I   40 6: RA RNTI 461b CC_id 0 Scheduling retransmission of Msg3 in (40,8)
944.897013 [NR_MAC] I   41 1: RA RNTI 461b CC_id 0 Scheduling retransmission of Msg3 in (41,3)
944.902525 [NR_MAC] W UE 461b RA failed at state WAIT_Msg3 (Reached msg3 max harq rounds)
944.902531 [NR_MAC] I Remove NR rnti 0x461b
945.588473 [RLC]    E 46412 SDU rejected, SDU buffer full
945.766522 [NR_MAC] I Frame.Slot 128.0
UE RNTI d61c CU-UE-ID 1 out-of-sync PH 48 dB PCMAX 18 dBm
UE d61c: CQI 11, RI 4, PMI (4,1)
UE d61c: dlsch_rounds 8760/165/1/0, dlsch_errors 0, pucch0_DTX 0 (SNR 21.2+1.2 dB), BLER 0.01480 MCS (1) 19 CCE fail 2, goodput 0.00 Mbps
UE d61c: ulsch_rounds 1407/456/254/253, ulsch_errors 253, ulsch_DTX 1001, BLER 1.00000 MCS (1) 0 (Qm 2 deltaMCS 0 dB) NPRB 23 SNR 19.6 (-0.4) dB CCE fail 0, goodput 0.00 Mbps
UE d61c: LCID 1: TX            657 RX            978 bytes
UE d61c: LCID 2: TX              0 RX              0 bytes
UE d61c: LCID 4: TX      378384156 RX         235665 bytes

946.210526 [NR_MAC] A 171.19 UE RA-RNTI 010b TC-RNTI 631c: initiating RA procedure
946.210533 [NR_MAC] I UE 631c: Sync beam index 0
946.213013 [NR_MAC] I UE 631c: Msg3 scheduled at 172.18 (172.13 TDA 1) start 0 RBs 8
946.213018 [NR_MAC] A UE 631c: 172.13 Generating RA-Msg2 DCI, RA RNTI 0x10b, state 1, preamble_index(RAPID) 9, timing_offset = 44 (estimated distance 1718.8 [m])
946.222012 [NR_MAC] I  17311: RA RNTI 631c CC_id 0 Scheduling retransmission of Msg3 in (173,13)
946.229513 [NR_MAC] I  174 6: RA RNTI 631c CC_id 0 Scheduling retransmission of Msg3 in (174,8)
946.237012 [NR_MAC] I  175 1: RA RNTI 631c CC_id 0 Scheduling retransmission of Msg3 in (175,3)
946.242525 [NR_MAC] W UE 631c RA failed at state WAIT_Msg3 (Reached msg3 max harq rounds)
946.242532 [NR_MAC] I Remove NR rnti 0x631c
946.320527 [NR_MAC] A 182.19 UE RA-RNTI 010b TC-RNTI 5b6d: initiating RA procedure
946.320533 [NR_MAC] I UE 5b6d: Sync beam index 0
946.323013 [NR_MAC] I UE 5b6d: Msg3 scheduled at 183.18 (183.13 TDA 1) start 0 RBs 8
946.323017 [NR_MAC] A UE 5b6d: 183.13 Generating RA-Msg2 DCI, RA RNTI 0x10b, state 1, preamble_index(RAPID) 8, timing_offset = 52 (estimated distance 2031.3 [m])
946.332012 [NR_MAC] I  18411: RA RNTI 5b6d CC_id 0 Scheduling retransmission of Msg3 in (184,13)
946.339512 [NR_MAC] I  185 6: RA RNTI 5b6d CC_id 0 Scheduling retransmission of Msg3 in (185,8)
946.347012 [NR_MAC] I  186 1: RA RNTI 5b6d CC_id 0 Scheduling retransmission of Msg3 in (186,3)
946.352525 [NR_MAC] W UE 5b6d RA failed at state WAIT_Msg3 (Reached msg3 max harq rounds)
946.352532 [NR_MAC] I Remove NR rnti 0x5b6d
946.589474 [RLC]    E 46411 SDU rejected, SDU buffer full
947.046524 [NR_MAC] I Frame.Slot 256.0
UE RNTI d61c CU-UE-ID 1 out-of-sync PH 48 dB PCMAX 18 dBm
UE d61c: CQI 11, RI 4, PMI (4,1)
UE d61c: dlsch_rounds 8760/165/1/0, dlsch_errors 0, pucch0_DTX 0 (SNR 21.2+1.2 dB), BLER 0.01480 MCS (1) 19 CCE fail 2, goodput 0.00 Mbps
UE d61c: ulsch_rounds 1407/456/254/253, ulsch_errors 253, ulsch_DTX 1001, BLER 1.00000 MCS (1) 0 (Qm 2 deltaMCS 0 dB) NPRB 23 SNR 19.6 (-0.4) dB CCE fail 0, goodput 0.00 Mbps
UE d61c: LCID 1: TX            657 RX            978 bytes
UE d61c: LCID 2: TX              0 RX              0 bytes
UE d61c: LCID 4: TX      378384156 RX         235665 bytes

947.590474 [RLC]    E 46412 SDU rejected, SDU buffer full
948.326524 [NR_MAC] I Frame.Slot 384.0
UE RNTI d61c CU-UE-ID 1 out-of-sync PH 48 dB PCMAX 18 dBm
UE d61c: CQI 11, RI 4, PMI (4,1)
UE d61c: dlsch_rounds 8760/165/1/0, dlsch_errors 0, pucch0_DTX 0 (SNR 21.2+1.2 dB), BLER 0.01480 MCS (1) 19 CCE fail 2, goodput 0.00 Mbps
UE d61c: ulsch_rounds 1407/456/254/253, ulsch_errors 253, ulsch_DTX 1001, BLER 1.00000 MCS (1) 0 (Qm 2 deltaMCS 0 dB) NPRB 23 SNR 19.6 (-0.4) dB CCE fail 0, goodput 0.00 Mbps
UE d61c: LCID 1: TX            657 RX            978 bytes
UE d61c: LCID 2: TX              0 RX              0 bytes
UE d61c: LCID 4: TX      378384156 RX         235665 bytes

948.591473 [RLC]    E 46411 SDU rejected, SDU buffer full
949.131027 [NR_MAC] A 463.19 UE RA-RNTI 010b TC-RNTI 4aa3: initiating RA procedure
949.131034 [NR_MAC] I UE 4aa3: Sync beam index 0
949.133013 [NR_MAC] I UE 4aa3: Msg3 scheduled at 464.18 (464.13 TDA 1) start 0 RBs 8
949.133018 [NR_MAC] A UE 4aa3: 464.13 Generating RA-Msg2 DCI, RA RNTI 0x10b, state 1, preamble_index(RAPID) 13, timing_offset = 0 (estimated distance 0.0 [m])
949.142012 [NR_MAC] I  46511: RA RNTI 4aa3 CC_id 0 Scheduling retransmission of Msg3 in (465,13)
949.149513 [NR_MAC] I  466 6: RA RNTI 4aa3 CC_id 0 Scheduling retransmission of Msg3 in (466,8)
949.157012 [NR_MAC] I  467 1: RA RNTI 4aa3 CC_id 0 Scheduling retransmission of Msg3 in (467,3)
949.162525 [NR_MAC] W UE 4aa3 RA failed at state WAIT_Msg3 (Reached msg3 max harq rounds)
949.162531 [NR_MAC] I Remove NR rnti 0x4aa3
949.230526 [NR_MAC] A 473.19 UE RA-RNTI 010b TC-RNTI c17e: initiating RA procedure
949.230532 [NR_MAC] I UE c17e: Sync beam index 0
949.233013 [NR_MAC] I UE c17e: Msg3 scheduled at 474.18 (474.13 TDA 1) start 0 RBs 8
949.233017 [NR_MAC] A UE c17e: 474.13 Generating RA-Msg2 DCI, RA RNTI 0x10b, state 1, preamble_index(RAPID) 26, timing_offset = 6 (estimated distance 234.4 [m])
949.242012 [NR_MAC] I  47511: RA RNTI c17e CC_id 0 Scheduling retransmission of Msg3 in (475,13)
949.249513 [NR_MAC] I  476 6: RA RNTI c17e CC_id 0 Scheduling retransmission of Msg3 in (476,8)
949.257013 [NR_MAC] I  477 1: RA RNTI c17e CC_id 0 Scheduling retransmission of Msg3 in (477,3)
949.262525 [NR_MAC] W UE c17e RA failed at state WAIT_Msg3 (Reached msg3 max harq rounds)
949.262531 [NR_MAC] I Remove NR rnti 0xc17e
949.592471 [RLC]    E 46411 SDU rejected, SDU buffer full
949.606521 [NR_MAC] I Frame.Slot 512.0
UE RNTI d61c CU-UE-ID 1 out-of-sync PH 48 dB PCMAX 18 dBm
UE d61c: CQI 11, RI 4, PMI (4,1)
UE d61c: dlsch_rounds 8760/165/1/0, dlsch_errors 0, pucch0_DTX 0 (SNR 21.2+1.2 dB), BLER 0.01480 MCS (1) 19 CCE fail 2, goodput 0.00 Mbps
UE d61c: ulsch_rounds 1407/456/254/253, ulsch_errors 253, ulsch_DTX 1001, BLER 1.00000 MCS (1) 0 (Qm 2 deltaMCS 0 dB) NPRB 23 SNR 19.6 (-0.4) dB CCE fail 0, goodput 0.00 Mbps
UE d61c: LCID 1: TX            657 RX            978 bytes
UE d61c: LCID 2: TX              0 RX              0 bytes
UE d61c: LCID 4: TX      378384156 RX         235665 bytes

950.785140 [RLC]    E 13585 SDU rejected, SDU buffer full
950.886523 [NR_MAC] I Frame.Slot 640.0
UE RNTI d61c CU-UE-ID 1 out-of-sync PH 48 dB PCMAX 18 dBm
UE d61c: CQI 11, RI 4, PMI (4,1)
UE d61c: dlsch_rounds 8760/165/1/0, dlsch_errors 0, pucch0_DTX 0 (SNR 21.2+1.2 dB), BLER 0.01480 MCS (1) 19 CCE fail 2, goodput 0.00 Mbps
UE d61c: ulsch_rounds 1407/456/254/253, ulsch_errors 253, ulsch_DTX 1001, BLER 1.00000 MCS (1) 0 (Qm 2 deltaMCS 0 dB) NPRB 23 SNR 19.6 (-0.4) dB CCE fail 0, goodput 0.00 Mbps
UE d61c: LCID 1: TX            657 RX            978 bytes
UE d61c: LCID 2: TX              0 RX              0 bytes
UE d61c: LCID 4: TX      378384156 RX         235665 bytes

952.166524 [NR_MAC] I Frame.Slot 768.0
UE RNTI d61c CU-UE-ID 1 out-of-sync PH 48 dB PCMAX 18 dBm
UE d61c: CQI 11, RI 4, PMI (4,1)
UE d61c: dlsch_rounds 8760/165/1/0, dlsch_errors 0, pucch0_DTX 0 (SNR 21.2+1.2 dB), BLER 0.01480 MCS (1) 19 CCE fail 2, goodput 0.00 Mbps
UE d61c: ulsch_rounds 1407/456/254/253, ulsch_errors 253, ulsch_DTX 1001, BLER 1.00000 MCS (1) 0 (Qm 2 deltaMCS 0 dB) NPRB 23 SNR 19.6 (-0.4) dB CCE fail 0, goodput 0.00 Mbps
UE d61c: LCID 1: TX            657 RX            978 bytes
UE d61c: LCID 2: TX              0 RX              0 bytes
UE d61c: LCID 4: TX      378384156 RX         235665 bytes

953.446522 [NR_MAC] I Frame.Slot 896.0
UE RNTI d61c CU-UE-ID 1 out-of-sync PH 48 dB PCMAX 18 dBm
UE d61c: CQI 11, RI 4, PMI (4,1)
UE d61c: dlsch_rounds 8760/165/1/0, dlsch_errors 0, pucch0_DTX 0 (SNR 21.2+1.2 dB), BLER 0.01480 MCS (1) 19 CCE fail 2, goodput 0.00 Mbps
UE d61c: ulsch_rounds 1407/456/254/253, ulsch_errors 253, ulsch_DTX 1001, BLER 1.00000 MCS (1) 0 (Qm 2 deltaMCS 0 dB) NPRB 23 SNR 19.6 (-0.4) dB CCE fail 0, goodput 0.00 Mbps
UE d61c: LCID 1: TX            657 RX            978 bytes
UE d61c: LCID 2: TX              0 RX              0 bytes
UE d61c: LCID 4: TX      378384156 RX         235665 bytes

954.726524 [NR_MAC] I Frame.Slot 0.0
UE RNTI d61c CU-UE-ID 1 out-of-sync PH 48 dB PCMAX 18 dBm
UE d61c: CQI 11, RI 4, PMI (4,1)
UE d61c: dlsch_rounds 8760/165/1/0, dlsch_errors 0, pucch0_DTX 0 (SNR 21.2+1.2 dB), BLER 0.01480 MCS (1) 19 CCE fail 2, goodput 0.00 Mbps
UE d61c: ulsch_rounds 1407/456/254/253, ulsch_errors 253, ulsch_DTX 1001, BLER 1.00000 MCS (1) 0 (Qm 2 deltaMCS 0 dB) NPRB 23 SNR 19.6 (-0.4) dB CCE fail 0, goodput 0.00 Mbps
UE d61c: LCID 1: TX            657 RX            978 bytes
UE d61c: LCID 2: TX              0 RX              0 bytes
UE d61c: LCID 4: TX      378384156 RX         235665 bytes

956.006522 [NR_MAC] I Frame.Slot 128.0
UE RNTI d61c CU-UE-ID 1 out-of-sync PH 48 dB PCMAX 18 dBm
UE d61c: CQI 11, RI 4, PMI (4,1)
UE d61c: dlsch_rounds 8760/165/1/0, dlsch_errors 0, pucch0_DTX 0 (SNR 21.2+1.2 dB), BLER 0.01480 MCS (1) 19 CCE fail 2, goodput 0.00 Mbps
UE d61c: ulsch_rounds 1407/456/254/253, ulsch_errors 253, ulsch_DTX 1001, BLER 1.00000 MCS (1) 0 (Qm 2 deltaMCS 0 dB) NPRB 23 SNR 19.6 (-0.4) dB CCE fail 0, goodput 0.00 Mbps
UE d61c: LCID 1: TX            657 RX            978 bytes
UE d61c: LCID 2: TX              0 RX              0 bytes
UE d61c: LCID 4: TX      378384156 RX         235665 bytes

957.286523 [NR_MAC] I Frame.Slot 256.0
UE RNTI d61c CU-UE-ID 1 out-of-sync PH 48 dB PCMAX 18 dBm
UE d61c: CQI 11, RI 4, PMI (4,1)
UE d61c: dlsch_rounds 8760/165/1/0, dlsch_errors 0, pucch0_DTX 0 (SNR 21.2+1.2 dB), BLER 0.01480 MCS (1) 19 CCE fail 2, goodput 0.00 Mbps
UE d61c: ulsch_rounds 1407/456/254/253, ulsch_errors 253, ulsch_DTX 1001, BLER 1.00000 MCS (1) 0 (Qm 2 deltaMCS 0 dB) NPRB 23 SNR 19.6 (-0.4) dB CCE fail 0, goodput 0.00 Mbps
UE d61c: LCID 1: TX            657 RX            978 bytes
UE d61c: LCID 2: TX              0 RX              0 bytes
UE d61c: LCID 4: TX      378384156 RX         235665 bytes

957.519564 [RLC]    E 1 SDU rejected, SDU buffer full
958.566522 [NR_MAC] I Frame.Slot 384.0
UE RNTI d61c CU-UE-ID 1 out-of-sync PH 48 dB PCMAX 18 dBm
UE d61c: CQI 11, RI 4, PMI (4,1)
UE d61c: dlsch_rounds 8760/165/1/0, dlsch_errors 0, pucch0_DTX 0 (SNR 21.2+1.2 dB), BLER 0.01480 MCS (1) 19 CCE fail 2, goodput 0.00 Mbps
UE d61c: ulsch_rounds 1407/456/254/253, ulsch_errors 253, ulsch_DTX 1001, BLER 1.00000 MCS (1) 0 (Qm 2 deltaMCS 0 dB) NPRB 23 SNR 19.6 (-0.4) dB CCE fail 0, goodput 0.00 Mbps
UE d61c: LCID 1: TX            657 RX            978 bytes
UE d61c: LCID 2: TX              0 RX              0 bytes
UE d61c: LCID 4: TX      378384156 RX         235665 bytes

958.624999 [RLC]    E 4 SDU rejected, SDU buffer full
959.771419 [RLC]    E 1 SDU rejected, SDU buffer full
959.846522 [NR_MAC] I Frame.Slot 512.0
UE RNTI d61c CU-UE-ID 1 out-of-sync PH 48 dB PCMAX 18 dBm
UE d61c: CQI 11, RI 4, PMI (4,1)
UE d61c: dlsch_rounds 8760/165/1/0, dlsch_errors 0, pucch0_DTX 0 (SNR 21.2+1.2 dB), BLER 0.01480 MCS (1) 19 CCE fail 2, goodput 0.00 Mbps
UE d61c: ulsch_rounds 1407/456/254/253, ulsch_errors 253, ulsch_DTX 1001, BLER 1.00000 MCS (1) 0 (Qm 2 deltaMCS 0 dB) NPRB 23 SNR 19.6 (-0.4) dB CCE fail 0, goodput 0.00 Mbps
UE d61c: LCID 1: TX            657 RX            978 bytes
UE d61c: LCID 2: TX              0 RX              0 bytes
UE d61c: LCID 4: TX      378384156 RX         235665 bytes

961.126522 [NR_MAC] I Frame.Slot 640.0
UE RNTI d61c CU-UE-ID 1 out-of-sync PH 48 dB PCMAX 18 dBm
UE d61c: CQI 11, RI 4, PMI (4,1)
UE d61c: dlsch_rounds 8760/165/1/0, dlsch_errors 0, pucch0_DTX 0 (SNR 21.2+1.2 dB), BLER 0.01480 MCS (1) 19 CCE fail 2, goodput 0.00 Mbps
UE d61c: ulsch_rounds 1407/456/254/253, ulsch_errors 253, ulsch_DTX 1001, BLER 1.00000 MCS (1) 0 (Qm 2 deltaMCS 0 dB) NPRB 23 SNR 19.6 (-0.4) dB CCE fail 0, goodput 0.00 Mbps
UE d61c: LCID 1: TX            657 RX            978 bytes
UE d61c: LCID 2: TX              0 RX              0 bytes
UE d61c: LCID 4: TX      378384156 RX         235665 bytes

962.234833 [RLC]    E 2 SDU rejected, SDU buffer full
962.406524 [NR_MAC] I Frame.Slot 768.0
UE RNTI d61c CU-UE-ID 1 out-of-sync PH 48 dB PCMAX 18 dBm
UE d61c: CQI 11, RI 4, PMI (4,1)
UE d61c: dlsch_rounds 8760/165/1/0, dlsch_errors 0, pucch0_DTX 0 (SNR 21.2+1.2 dB), BLER 0.01480 MCS (1) 19 CCE fail 2, goodput 0.00 Mbps
UE d61c: ulsch_rounds 1407/456/254/253, ulsch_errors 253, ulsch_DTX 1001, BLER 1.00000 MCS (1) 0 (Qm 2 deltaMCS 0 dB) NPRB 23 SNR 19.6 (-0.4) dB CCE fail 0, goodput 0.00 Mbps
UE d61c: LCID 1: TX            657 RX            978 bytes
UE d61c: LCID 2: TX              0 RX              0 bytes
UE d61c: LCID 4: TX      378384156 RX         235665 bytes

963.651089 [RLC]    E 1 SDU rejected, SDU buffer full
963.686522 [NR_MAC] I Frame.Slot 896.0
UE RNTI d61c CU-UE-ID 1 out-of-sync PH 48 dB PCMAX 18 dBm
UE d61c: CQI 11, RI 4, PMI (4,1)
UE d61c: dlsch_rounds 8760/165/1/0, dlsch_errors 0, pucch0_DTX 0 (SNR 21.2+1.2 dB), BLER 0.01480 MCS (1) 19 CCE fail 2, goodput 0.00 Mbps
UE d61c: ulsch_rounds 1407/456/254/253, ulsch_errors 253, ulsch_DTX 1001, BLER 1.00000 MCS (1) 0 (Qm 2 deltaMCS 0 dB) NPRB 23 SNR 19.6 (-0.4) dB CCE fail 0, goodput 0.00 Mbps
UE d61c: LCID 1: TX            657 RX            978 bytes
UE d61c: LCID 2: TX              0 RX              0 bytes
UE d61c: LCID 4: TX      378384156 RX         235665 bytes

964.966521 [NR_MAC] I Frame.Slot 0.0
UE RNTI d61c CU-UE-ID 1 out-of-sync PH 48 dB PCMAX 18 dBm
UE d61c: CQI 11, RI 4, PMI (4,1)
UE d61c: dlsch_rounds 8760/165/1/0, dlsch_errors 0, pucch0_DTX 0 (SNR 21.2+1.2 dB), BLER 0.01480 MCS (1) 19 CCE fail 2, goodput 0.00 Mbps
UE d61c: ulsch_rounds 1407/456/254/253, ulsch_errors 253, ulsch_DTX 1001, BLER 1.00000 MCS (1) 0 (Qm 2 deltaMCS 0 dB) NPRB 23 SNR 19.6 (-0.4) dB CCE fail 0, goodput 0.00 Mbps
UE d61c: LCID 1: TX            657 RX            978 bytes
UE d61c: LCID 2: TX              0 RX              0 bytes
UE d61c: LCID 4: TX      378384156 RX         235665 bytes

965.528124 [RLC]    E 6 SDU rejected, SDU buffer full
966.246523 [NR_MAC] I Frame.Slot 128.0
UE RNTI d61c CU-UE-ID 1 out-of-sync PH 48 dB PCMAX 18 dBm
UE d61c: CQI 11, RI 4, PMI (4,1)
UE d61c: dlsch_rounds 8760/165/1/0, dlsch_errors 0, pucch0_DTX 0 (SNR 21.2+1.2 dB), BLER 0.01480 MCS (1) 19 CCE fail 2, goodput 0.00 Mbps
UE d61c: ulsch_rounds 1407/456/254/253, ulsch_errors 253, ulsch_DTX 1001, BLER 1.00000 MCS (1) 0 (Qm 2 deltaMCS 0 dB) NPRB 23 SNR 19.6 (-0.4) dB CCE fail 0, goodput 0.00 Mbps
UE d61c: LCID 1: TX            657 RX            978 bytes
UE d61c: LCID 2: TX              0 RX              0 bytes
UE d61c: LCID 4: TX      378384156 RX         235665 bytes

966.842873 [RLC]    E 1 SDU rejected, SDU buffer full
967.526523 [NR_MAC] I Frame.Slot 256.0
UE RNTI d61c CU-UE-ID 1 out-of-sync PH 48 dB PCMAX 18 dBm
UE d61c: CQI 11, RI 4, PMI (4,1)
UE d61c: dlsch_rounds 8760/165/1/0, dlsch_errors 0, pucch0_DTX 0 (SNR 21.2+1.2 dB), BLER 0.01480 MCS (1) 19 CCE fail 2, goodput 0.00 Mbps
UE d61c: ulsch_rounds 1407/456/254/253, ulsch_errors 253, ulsch_DTX 1001, BLER 1.00000 MCS (1) 0 (Qm 2 deltaMCS 0 dB) NPRB 23 SNR 19.6 (-0.4) dB CCE fail 0, goodput 0.00 Mbps
UE d61c: LCID 1: TX            657 RX            978 bytes
UE d61c: LCID 2: TX              0 RX              0 bytes
UE d61c: LCID 4: TX      378384156 RX         235665 bytes

968.806524 [NR_MAC] I Frame.Slot 384.0
UE RNTI d61c CU-UE-ID 1 out-of-sync PH 48 dB PCMAX 18 dBm
UE d61c: CQI 11, RI 4, PMI (4,1)
UE d61c: dlsch_rounds 8760/165/1/0, dlsch_errors 0, pucch0_DTX 0 (SNR 21.2+1.2 dB), BLER 0.01480 MCS (1) 19 CCE fail 2, goodput 0.00 Mbps
UE d61c: ulsch_rounds 1407/456/254/253, ulsch_errors 253, ulsch_DTX 1001, BLER 1.00000 MCS (1) 0 (Qm 2 deltaMCS 0 dB) NPRB 23 SNR 19.6 (-0.4) dB CCE fail 0, goodput 0.00 Mbps
UE d61c: LCID 1: TX            657 RX            978 bytes
UE d61c: LCID 2: TX              0 RX              0 bytes
UE d61c: LCID 4: TX      378384156 RX         235665 bytes

970.086525 [NR_MAC] I Frame.Slot 512.0
UE RNTI d61c CU-UE-ID 1 out-of-sync PH 48 dB PCMAX 18 dBm
UE d61c: CQI 11, RI 4, PMI (4,1)
UE d61c: dlsch_rounds 8760/165/1/0, dlsch_errors 0, pucch0_DTX 0 (SNR 21.2+1.2 dB), BLER 0.01480 MCS (1) 19 CCE fail 2, goodput 0.00 Mbps
UE d61c: ulsch_rounds 1407/456/254/253, ulsch_errors 253, ulsch_DTX 1001, BLER 1.00000 MCS (1) 0 (Qm 2 deltaMCS 0 dB) NPRB 23 SNR 19.6 (-0.4) dB CCE fail 0, goodput 0.00 Mbps
UE d61c: LCID 1: TX            657 RX            978 bytes
UE d61c: LCID 2: TX              0 RX              0 bytes
UE d61c: LCID 4: TX      378384156 RX         235665 bytes

971.096105 [RLC]    E 2 SDU rejected, SDU buffer full
971.366523 [NR_MAC] I Frame.Slot 640.0
UE RNTI d61c CU-UE-ID 1 out-of-sync PH 48 dB PCMAX 18 dBm
UE d61c: CQI 11, RI 4, PMI (4,1)
UE d61c: dlsch_rounds 8760/165/1/0, dlsch_errors 0, pucch0_DTX 0 (SNR 21.2+1.2 dB), BLER 0.01480 MCS (1) 19 CCE fail 2, goodput 0.00 Mbps
UE d61c: ulsch_rounds 1407/456/254/253, ulsch_errors 253, ulsch_DTX 1001, BLER 1.00000 MCS (1) 0 (Qm 2 deltaMCS 0 dB) NPRB 23 SNR 19.6 (-0.4) dB CCE fail 0, goodput 0.00 Mbps
UE d61c: LCID 1: TX            657 RX            978 bytes
UE d61c: LCID 2: TX              0 RX              0 bytes
UE d61c: LCID 4: TX      378384156 RX         235665 bytes

971.973013 [MAC]    W UE d61c: request release after UL failure timer expiry
971.973035 [NR_RRC] I received UE Context Release Request for UE 1, forwarding to AMF
971.974657 [E1AP]   I releasing UE 1
971.974675 [GTPU]   I [82] UE ID 1: Delete all tunnels (1 tunnels)
971.974687 [NR_RRC] A [DL] (cellID 1, UE ID 1 RNTI d61c) Send RRC Release
971.974704 [RLC]    W Remove UE 54812
971.978661 [NR_MAC] I Remove NR rnti 0xd61c
971.978681 [RRC]    I UE 1: received bearer release complete
971.978695 [NR_RRC] I removed UE CU UE ID 1/RNTI d61c 
971.978726 [NR_RRC] I [--] (UE ID 1 RNTI d61c) Remove UE context
972.646014 [NR_MAC] I Frame.Slot 768.0

973.926014 [NR_MAC] I Frame.Slot 896.0

975.206513 [NR_MAC] I Frame.Slot 0.0

976.060014 [NGAP]   I Paging initiating message
976.060024 [NGAP]   D [SCTP 13] Received Paging Message From AMF
976.060027 [NGAP]   D TAI[0] for paging: MCC=001, MNC=01, TAC=1
976.060039 [NGAP]   D NGAP_FIND_PROTOCOLIE_BY_ID ie is NULL (searching for ie: 50)
976.060040 [NGAP]   D NGAP_FIND_PROTOCOLIE_BY_ID ie is NULL (searching for ie: 52)
976.060042 [NGAP]   D NGAP_FIND_PROTOCOLIE_BY_ID ie is NULL (searching for ie: 118)
976.060042 [NGAP]   D NGAP_FIND_PROTOCOLIE_BY_ID ie is NULL (searching for ie: 51)
976.060043 [NGAP]   D NGAP_FIND_PROTOCOLIE_BY_ID ie is NULL (searching for ie: 11)
976.060044 [NGAP]   D Decoded Paging: m_tmsi=0xc00001ab, TAI=1976.060058 [F1AP]   I [gNB] Paging transfer to DU assoc_id -1: ue_identity_index_value=427, paging_identity=278099132843, n_cells=1
976.486513 [NR_MAC] I Frame.Slot 128.0

977.766512 [NR_MAC] I Frame.Slot 256.0

978.061190 [NGAP]   I Paging initiating message
978.061197 [NGAP]   D [SCTP 13] Received Paging Message From AMF
978.061198 [NGAP]   D TAI[0] for paging: MCC=001, MNC=01, TAC=1
978.061199 [NGAP]   D NGAP_FIND_PROTOCOLIE_BY_ID ie is NULL (searching for ie: 50)
978.061200 [NGAP]   D NGAP_FIND_PROTOCOLIE_BY_ID ie is NULL (searching for ie: 52)
978.061201 [NGAP]   D NGAP_FIND_PROTOCOLIE_BY_ID ie is NULL (searching for ie: 118)
978.061202 [NGAP]   D NGAP_FIND_PROTOCOLIE_BY_ID ie is NULL (searching for ie: 51)
978.061211 [NGAP]   D NGAP_FIND_PROTOCOLIE_BY_ID ie is NULL (searching for ie: 11)
978.061212 [NGAP]   D Decoded Paging: m_tmsi=0xc00001ab, TAI=1978.061223 [F1AP]   I [gNB] Paging transfer to DU assoc_id -1: ue_identity_index_value=427, paging_identity=278099132843, n_cells=1
979.046512 [NR_MAC] I Frame.Slot 384.0

980.063194 [NGAP]   I Paging initiating message
980.063200 [NGAP]   D [SCTP 13] Received Paging Message From AMF
980.063202 [NGAP]   D TAI[0] for paging: MCC=001, MNC=01, TAC=1
980.063203 [NGAP]   D NGAP_FIND_PROTOCOLIE_BY_ID ie is NULL (searching for ie: 50)
980.063203 [NGAP]   D NGAP_FIND_PROTOCOLIE_BY_ID ie is NULL (searching for ie: 52)
980.063204 [NGAP]   D NGAP_FIND_PROTOCOLIE_BY_ID ie is NULL (searching for ie: 118)
980.063205 [NGAP]   D NGAP_FIND_PROTOCOLIE_BY_ID ie is NULL (searching for ie: 51)
980.063206 [NGAP]   D NGAP_FIND_PROTOCOLIE_BY_ID ie is NULL (searching for ie: 11)
980.063215 [NGAP]   D Decoded Paging: m_tmsi=0xc00001ab, TAI=1980.063226 [F1AP]   I [gNB] Paging transfer to DU assoc_id -1: ue_identity_index_value=427, paging_identity=278099132843, n_cells=1
980.326512 [NR_MAC] I Frame.Slot 512.0

981.606512 [NR_MAC] I Frame.Slot 640.0

982.886512 [NR_MAC] I Frame.Slot 768.0

984.166513 [NR_MAC] I Frame.Slot 896.0

985.446512 [NR_MAC] I Frame.Slot 0.0

986.726512 [NR_MAC] I Frame.Slot 128.0

988.006514 [NR_MAC] I Frame.Slot 256.0

989.286513 [NR_MAC] I Frame.Slot 384.0

990.566514 [NR_MAC] I Frame.Slot 512.0

991.846514 [NR_MAC] I Frame.Slot 640.0

993.126523 [NR_MAC] I Frame.Slot 768.0

994.406514 [NR_MAC] I Frame.Slot 896.0

995.686514 [NR_MAC] I Frame.Slot 0.0

996.966512 [NR_MAC] I Frame.Slot 128.0

998.246513 [NR_MAC] I Frame.Slot 256.0

999.526513 [NR_MAC] I Frame.Slot 384.0

1000.806513 [NR_MAC] I Frame.Slot 512.0

1002.086512 [NR_MAC] I Frame.Slot 640.0

1003.366513 [NR_MAC] I Frame.Slot 768.0

1004.646514 [NR_MAC] I Frame.Slot 896.0

1005.926513 [NR_MAC] I Frame.Slot 0.0

1007.206513 [NR_MAC] I Frame.Slot 128.0

1008.486514 [NR_MAC] I Frame.Slot 256.0

1009.766514 [NR_MAC] I Frame.Slot 384.0

1011.046514 [NR_MAC] I Frame.Slot 512.0

1012.326514 [NR_MAC] I Frame.Slot 640.0

1013.606514 [NR_MAC] I Frame.Slot 768.0

1014.886513 [NR_MAC] I Frame.Slot 896.0

1016.166513 [NR_MAC] I Frame.Slot 0.0

1017.446513 [NR_MAC] I Frame.Slot 128.0

1018.726513 [NR_MAC] I Frame.Slot 256.0

1020.006513 [NR_MAC] I Frame.Slot 384.0

1021.286514 [NR_MAC] I Frame.Slot 512.0

1022.566513 [NR_MAC] I Frame.Slot 640.0

1023.846513 [NR_MAC] I Frame.Slot 768.0

1025.126513 [NR_MAC] I Frame.Slot 896.0

1026.406513 [NR_MAC] I Frame.Slot 0.0

1027.686513 [NR_MAC] I Frame.Slot 128.0

1028.966513 [NR_MAC] I Frame.Slot 256.0

1030.246513 [NR_MAC] I Frame.Slot 384.0

1031.526513 [NR_MAC] I Frame.Slot 512.0

1032.806513 [NR_MAC] I Frame.Slot 640.0

1034.086513 [NR_MAC] I Frame.Slot 768.0

1035.366513 [NR_MAC] I Frame.Slot 896.0

1036.646513 [NR_MAC] I Frame.Slot 0.0

1037.926513 [NR_MAC] I Frame.Slot 128.0

1039.206514 [NR_MAC] I Frame.Slot 256.0

1040.486513 [NR_MAC] I Frame.Slot 384.0

1041.766512 [NR_MAC] I Frame.Slot 512.0

1043.046513 [NR_MAC] I Frame.Slot 640.0

1044.326512 [NR_MAC] I Frame.Slot 768.0

1045.606513 [NR_MAC] I Frame.Slot 896.0

1046.886513 [NR_MAC] I Frame.Slot 0.0

1048.166514 [NR_MAC] I Frame.Slot 128.0

1049.446513 [NR_MAC] I Frame.Slot 256.0

1050.726513 [NR_MAC] I Frame.Slot 384.0

1052.006513 [NR_MAC] I Frame.Slot 512.0

1053.286512 [NR_MAC] I Frame.Slot 640.0

1054.566513 [NR_MAC] I Frame.Slot 768.0

1055.846514 [NR_MAC] I Frame.Slot 896.0

1057.126513 [NR_MAC] I Frame.Slot 0.0

1058.406513 [NR_MAC] I Frame.Slot 128.0

1059.686514 [NR_MAC] I Frame.Slot 256.0

1060.966513 [NR_MAC] I Frame.Slot 384.0

1062.246512 [NR_MAC] I Frame.Slot 512.0

1063.526513 [NR_MAC] I Frame.Slot 640.0

1064.806512 [NR_MAC] I Frame.Slot 768.0

1066.086513 [NR_MAC] I Frame.Slot 896.0

1067.366514 [NR_MAC] I Frame.Slot 0.0

1068.646514 [NR_MAC] I Frame.Slot 128.0

1069.926513 [NR_MAC] I Frame.Slot 256.0

1071.206513 [NR_MAC] I Frame.Slot 384.0

1072.486513 [NR_MAC] I Frame.Slot 512.0

1073.766513 [NR_MAC] I Frame.Slot 640.0

1075.046513 [NR_MAC] I Frame.Slot 768.0

1076.326513 [NR_MAC] I Frame.Slot 896.0

1077.606514 [NR_MAC] I Frame.Slot 0.0

1078.886513 [NR_MAC] I Frame.Slot 128.0

1080.166513 [NR_MAC] I Frame.Slot 256.0

1081.446513 [NR_MAC] I Frame.Slot 384.0

1082.726513 [NR_MAC] I Frame.Slot 512.0

1084.006513 [NR_MAC] I Frame.Slot 640.0

1085.286513 [NR_MAC] I Frame.Slot 768.0

1086.566513 [NR_MAC] I Frame.Slot 896.0

1087.846513 [NR_MAC] I Frame.Slot 0.0

1089.126513 [NR_MAC] I Frame.Slot 128.0

1090.406513 [NR_MAC] I Frame.Slot 256.0

1091.686513 [NR_MAC] I Frame.Slot 384.0

1092.966513 [NR_MAC] I Frame.Slot 512.0

1094.246512 [NR_MAC] I Frame.Slot 640.0

1095.526512 [NR_MAC] I Frame.Slot 768.0

1096.806523 [NR_MAC] I Frame.Slot 896.0

1098.086513 [NR_MAC] I Frame.Slot 0.0

1099.366512 [NR_MAC] I Frame.Slot 128.0

1100.646512 [NR_MAC] I Frame.Slot 256.0

1101.926513 [NR_MAC] I Frame.Slot 384.0

1103.206513 [NR_MAC] I Frame.Slot 512.0

1104.486513 [NR_MAC] I Frame.Slot 640.0

1105.766512 [NR_MAC] I Frame.Slot 768.0

1107.046512 [NR_MAC] I Frame.Slot 896.0

1108.326512 [NR_MAC] I Frame.Slot 0.0

1109.606512 [NR_MAC] I Frame.Slot 128.0

1110.886513 [NR_MAC] I Frame.Slot 256.0

1112.166513 [NR_MAC] I Frame.Slot 384.0

1113.446514 [NR_MAC] I Frame.Slot 512.0

1114.726513 [NR_MAC] I Frame.Slot 640.0

1116.006513 [NR_MAC] I Frame.Slot 768.0

1117.286512 [NR_MAC] I Frame.Slot 896.0

1118.566513 [NR_MAC] I Frame.Slot 0.0

1119.846514 [NR_MAC] I Frame.Slot 128.0

1121.126513 [NR_MAC] I Frame.Slot 256.0

1122.406513 [NR_MAC] I Frame.Slot 384.0

1123.686513 [NR_MAC] I Frame.Slot 512.0

1124.966512 [NR_MAC] I Frame.Slot 640.0

1126.246512 [NR_MAC] I Frame.Slot 768.0

1127.526512 [NR_MAC] I Frame.Slot 896.0

1128.806511 [NR_MAC] I Frame.Slot 0.0

1130.086513 [NR_MAC] I Frame.Slot 128.0

1131.366514 [NR_MAC] I Frame.Slot 256.0

1132.646514 [NR_MAC] I Frame.Slot 384.0

1133.926512 [NR_MAC] I Frame.Slot 512.0

1135.206513 [NR_MAC] I Frame.Slot 640.0

1136.486513 [NR_MAC] I Frame.Slot 768.0

1137.766513 [NR_MAC] I Frame.Slot 896.0

1139.046513 [NR_MAC] I Frame.Slot 0.0

1140.326513 [NR_MAC] I Frame.Slot 128.0

1141.606513 [NR_MAC] I Frame.Slot 256.0

1142.886513 [NR_MAC] I Frame.Slot 384.0

1144.166513 [NR_MAC] I Frame.Slot 512.0

1145.446513 [NR_MAC] I Frame.Slot 640.0

1146.726512 [NR_MAC] I Frame.Slot 768.0

1148.006513 [NR_MAC] I Frame.Slot 896.0

1149.286513 [NR_MAC] I Frame.Slot 0.0

1150.566511 [NR_MAC] I Frame.Slot 128.0

1151.846513 [NR_MAC] I Frame.Slot 256.0

1153.126513 [NR_MAC] I Frame.Slot 384.0

1154.406513 [NR_MAC] I Frame.Slot 512.0

1155.686514 [NR_MAC] I Frame.Slot 640.0

1156.966512 [NR_MAC] I Frame.Slot 768.0

1158.246513 [NR_MAC] I Frame.Slot 896.0

1159.526513 [NR_MAC] I Frame.Slot 0.0

1160.806512 [NR_MAC] I Frame.Slot 128.0

1162.086513 [NR_MAC] I Frame.Slot 256.0

1163.366513 [NR_MAC] I Frame.Slot 384.0

1164.646512 [NR_MAC] I Frame.Slot 512.0

1165.926513 [NR_MAC] I Frame.Slot 640.0

1167.206513 [NR_MAC] I Frame.Slot 768.0

1168.486513 [NR_MAC] I Frame.Slot 896.0

1169.766513 [NR_MAC] I Frame.Slot 0.0

1171.046513 [NR_MAC] I Frame.Slot 128.0

1172.326513 [NR_MAC] I Frame.Slot 256.0

1173.606513 [NR_MAC] I Frame.Slot 384.0

1174.886513 [NR_MAC] I Frame.Slot 512.0

1176.166513 [NR_MAC] I Frame.Slot 640.0

1177.446513 [NR_MAC] I Frame.Slot 768.0

1178.726515 [NR_MAC] I Frame.Slot 896.0

1180.006513 [NR_MAC] I Frame.Slot 0.0

1181.286513 [NR_MAC] I Frame.Slot 128.0

